GEO.id2,GEO.display-label,HC01_VC85,flag
25001,"Census Tract 101, Barnstable County, Massachusetts",42228,0
25001,"Census Tract 102.06, Barnstable County, Massachusetts",48452,0
25001,"Census Tract 102.08, Barnstable County, Massachusetts",62051,0
25001,"Census Tract 103.04, Barnstable County, Massachusetts",61138,0
25001,"Census Tract 103.06, Barnstable County, Massachusetts",55455,0
25001,"Census Tract 104, Barnstable County, Massachusetts",46741,0
25001,"Census Tract 105, Barnstable County, Massachusetts",68508,1
25001,"Census Tract 106, Barnstable County, Massachusetts",66852,1
25001,"Census Tract 107, Barnstable County, Massachusetts",64375,0
25001,"Census Tract 108, Barnstable County, Massachusetts",76768,1
25001,"Census Tract 109, Barnstable County, Massachusetts",65231,0
25001,"Census Tract 110.02, Barnstable County, Massachusetts",60044,0
25001,"Census Tract 111, Barnstable County, Massachusetts",79766,1
25001,"Census Tract 112, Barnstable County, Massachusetts",68617,1
25001,"Census Tract 113, Barnstable County, Massachusetts",69148,1
25001,"Census Tract 114, Barnstable County, Massachusetts",61108,0
25001,"Census Tract 115, Barnstable County, Massachusetts",49335,0
25001,"Census Tract 116, Barnstable County, Massachusetts",46813,0
25001,"Census Tract 117, Barnstable County, Massachusetts",60903,0
25001,"Census Tract 118.01, Barnstable County, Massachusetts",55507,0
25001,"Census Tract 118.02, Barnstable County, Massachusetts",65806,1
25001,"Census Tract 120.01, Barnstable County, Massachusetts",53739,0
25001,"Census Tract 120.02, Barnstable County, Massachusetts",44835,0
25001,"Census Tract 121.01, Barnstable County, Massachusetts",67596,1
25001,"Census Tract 121.02, Barnstable County, Massachusetts",65651,1
25001,"Census Tract 122, Barnstable County, Massachusetts",87188,1
25001,"Census Tract 125.02, Barnstable County, Massachusetts",57042,0
25001,"Census Tract 126.01, Barnstable County, Massachusetts",64000,0
25001,"Census Tract 126.02, Barnstable County, Massachusetts",37478,0
25001,"Census Tract 127, Barnstable County, Massachusetts",73646,1
25001,"Census Tract 128, Barnstable County, Massachusetts",64144,0
25001,"Census Tract 129, Barnstable County, Massachusetts",70404,1
25001,"Census Tract 130.02, Barnstable County, Massachusetts",68289,1
25001,"Census Tract 131, Barnstable County, Massachusetts",79659,1
25001,"Census Tract 132, Barnstable County, Massachusetts",70929,1
25001,"Census Tract 133, Barnstable County, Massachusetts",68295,1
25001,"Census Tract 134, Barnstable County, Massachusetts",87969,1
25001,"Census Tract 135, Barnstable County, Massachusetts",97689,1
25001,"Census Tract 136, Barnstable County, Massachusetts",93003,1
25001,"Census Tract 137, Barnstable County, Massachusetts",72031,1
25001,"Census Tract 138, Barnstable County, Massachusetts",73729,1
25001,"Census Tract 139, Barnstable County, Massachusetts",72344,1
25001,"Census Tract 140.02, Barnstable County, Massachusetts",62543,0
25001,"Census Tract 141, Barnstable County, Massachusetts",44405,0
25001,"Census Tract 143, Barnstable County, Massachusetts",86510,1
25001,"Census Tract 144.02, Barnstable County, Massachusetts",84583,1
25001,"Census Tract 145, Barnstable County, Massachusetts",69236,1
25001,"Census Tract 146, Barnstable County, Massachusetts",64357,0
25001,"Census Tract 147, Barnstable County, Massachusetts",61875,0
25001,"Census Tract 148, Barnstable County, Massachusetts",36066,0
25001,"Census Tract 149, Barnstable County, Massachusetts",79856,1
25001,"Census Tract 150.01, Barnstable County, Massachusetts",76356,1
25001,"Census Tract 150.02, Barnstable County, Massachusetts",61412,0
25001,"Census Tract 151, Barnstable County, Massachusetts",75625,1
25001,"Census Tract 152, Barnstable County, Massachusetts",85240,1
25001,"Census Tract 153, Barnstable County, Massachusetts",32786,0
25001,"Census Tract 9900, Barnstable County, Massachusetts",0,0
25003,"Census Tract 9001, Berkshire County, Massachusetts",20310,0
25003,"Census Tract 9002, Berkshire County, Massachusetts",28692,0
25003,"Census Tract 9003, Berkshire County, Massachusetts",43712,0
25003,"Census Tract 9004, Berkshire County, Massachusetts",46134,0
25003,"Census Tract 9005, Berkshire County, Massachusetts",75929,1
25003,"Census Tract 9006, Berkshire County, Massachusetts",21938,0
25003,"Census Tract 9007, Berkshire County, Massachusetts",52619,1
25003,"Census Tract 9008, Berkshire County, Massachusetts",80388,1
25003,"Census Tract 9009, Berkshire County, Massachusetts",62699,1
25003,"Census Tract 9011, Berkshire County, Massachusetts",56818,1
25003,"Census Tract 9111, Berkshire County, Massachusetts",74519,1
25003,"Census Tract 9121, Berkshire County, Massachusetts",55774,1
25003,"Census Tract 9131, Berkshire County, Massachusetts",55777,1
25003,"Census Tract 9141, Berkshire County, Massachusetts",61507,1
25003,"Census Tract 9201.01, Berkshire County, Massachusetts",73125,1
25003,"Census Tract 9201.02, Berkshire County, Massachusetts",72407,1
25003,"Census Tract 9213, Berkshire County, Massachusetts",27863,0
25003,"Census Tract 9214, Berkshire County, Massachusetts",36231,0
25003,"Census Tract 9215, Berkshire County, Massachusetts",41959,0
25003,"Census Tract 9221, Berkshire County, Massachusetts",41829,0
25003,"Census Tract 9222, Berkshire County, Massachusetts",53304,1
25003,"Census Tract 9223, Berkshire County, Massachusetts",52569,1
25003,"Census Tract 9231, Berkshire County, Massachusetts",58145,1
25003,"Census Tract 9241, Berkshire County, Massachusetts",56554,1
25003,"Census Tract 9251, Berkshire County, Massachusetts",56431,1
25003,"Census Tract 9261, Berkshire County, Massachusetts",68603,1
25003,"Census Tract 9311, Berkshire County, Massachusetts",60404,1
25003,"Census Tract 9313, Berkshire County, Massachusetts",55417,1
25003,"Census Tract 9314, Berkshire County, Massachusetts",70852,1
25003,"Census Tract 9322, Berkshire County, Massachusetts",72981,1
25003,"Census Tract 9323, Berkshire County, Massachusetts",60511,1
25003,"Census Tract 9332, Berkshire County, Massachusetts",72386,1
25003,"Census Tract 9333, Berkshire County, Massachusetts",72321,1
25003,"Census Tract 9334, Berkshire County, Massachusetts",69306,1
25003,"Census Tract 9342, Berkshire County, Massachusetts",69167,1
25003,"Census Tract 9343, Berkshire County, Massachusetts",67156,1
25003,"Census Tract 9351, Berkshire County, Massachusetts",79091,1
25003,"Census Tract 9352, Berkshire County, Massachusetts",53365,1
25003,"Census Tract 9353, Berkshire County, Massachusetts",31563,0
25005,"Census Tract 6001, Bristol County, Massachusetts",80000,1
25005,"Census Tract 6002.02, Bristol County, Massachusetts",76068,1
25005,"Census Tract 6002.03, Bristol County, Massachusetts",127344,1
25005,"Census Tract 6002.04, Bristol County, Massachusetts",112250,1
25005,"Census Tract 6101, Bristol County, Massachusetts",83006,1
25005,"Census Tract 6102.02, Bristol County, Massachusetts",127679,1
25005,"Census Tract 6102.03, Bristol County, Massachusetts",111647,1
25005,"Census Tract 6102.04, Bristol County, Massachusetts",103870,1
25005,"Census Tract 6111.01, Bristol County, Massachusetts",94939,1
25005,"Census Tract 6111.02, Bristol County, Massachusetts",106250,1
25005,"Census Tract 6112.01, Bristol County, Massachusetts",87404,1
25005,"Census Tract 6112.02, Bristol County, Massachusetts",92893,1
25005,"Census Tract 6121, Bristol County, Massachusetts",97355,1
25005,"Census Tract 6122, Bristol County, Massachusetts",83259,1
25005,"Census Tract 6131, Bristol County, Massachusetts",65625,1
25005,"Census Tract 6133, Bristol County, Massachusetts",71847,1
25005,"Census Tract 6134, Bristol County, Massachusetts",75096,1
25005,"Census Tract 6136, Bristol County, Massachusetts",40833,0
25005,"Census Tract 6137, Bristol County, Massachusetts",45348,0
25005,"Census Tract 6138, Bristol County, Massachusetts",34207,0
25005,"Census Tract 6139.01, Bristol County, Massachusetts",39637,0
25005,"Census Tract 6139.02, Bristol County, Massachusetts",63491,1
25005,"Census Tract 6140, Bristol County, Massachusetts",39653,0
25005,"Census Tract 6141.01, Bristol County, Massachusetts",54258,0
25005,"Census Tract 6141.02, Bristol County, Massachusetts",90236,1
25005,"Census Tract 6151, Bristol County, Massachusetts",92818,1
25005,"Census Tract 6161, Bristol County, Massachusetts",95186,1
25005,"Census Tract 6171.01, Bristol County, Massachusetts",99213,1
25005,"Census Tract 6171.02, Bristol County, Massachusetts",80953,1
25005,"Census Tract 6301.01, Bristol County, Massachusetts",61250,1
25005,"Census Tract 6301.02, Bristol County, Massachusetts",54550,0
25005,"Census Tract 6302, Bristol County, Massachusetts",112759,1
25005,"Census Tract 6303, Bristol County, Massachusetts",93160,1
25005,"Census Tract 6304, Bristol County, Massachusetts",83125,1
25005,"Census Tract 6311, Bristol County, Massachusetts",61273,1
25005,"Census Tract 6312, Bristol County, Massachusetts",90182,1
25005,"Census Tract 6313, Bristol County, Massachusetts",83209,1
25005,"Census Tract 6314, Bristol County, Massachusetts",35393,0
25005,"Census Tract 6315, Bristol County, Massachusetts",64742,1
25005,"Census Tract 6316, Bristol County, Massachusetts",58831,0
25005,"Census Tract 6317, Bristol County, Massachusetts",87022,1
25005,"Census Tract 6318, Bristol County, Massachusetts",67413,1
25005,"Census Tract 6321, Bristol County, Massachusetts",85074,1
25005,"Census Tract 6322, Bristol County, Massachusetts",77435,1
25005,"Census Tract 6331, Bristol County, Massachusetts",83897,1
25005,"Census Tract 6332, Bristol County, Massachusetts",92259,1
25005,"Census Tract 6401, Bristol County, Massachusetts",41995,0
25005,"Census Tract 6402, Bristol County, Massachusetts",27917,0
25005,"Census Tract 6403, Bristol County, Massachusetts",29833,0
25005,"Census Tract 6404, Bristol County, Massachusetts",37000,0
25005,"Census Tract 6405, Bristol County, Massachusetts",41470,0
25005,"Census Tract 6406, Bristol County, Massachusetts",36750,0
25005,"Census Tract 6407, Bristol County, Massachusetts",44940,0
25005,"Census Tract 6408, Bristol County, Massachusetts",40636,0
25005,"Census Tract 6409.01, Bristol County, Massachusetts",26617,0
25005,"Census Tract 6410, Bristol County, Massachusetts",19255,0
25005,"Census Tract 6411.01, Bristol County, Massachusetts",16660,0
25005,"Census Tract 6412, Bristol County, Massachusetts",29938,0
25005,"Census Tract 6413, Bristol County, Massachusetts",24375,0
25005,"Census Tract 6414, Bristol County, Massachusetts",26601,0
25005,"Census Tract 6415, Bristol County, Massachusetts",38625,0
25005,"Census Tract 6416, Bristol County, Massachusetts",40645,0
25005,"Census Tract 6417, Bristol County, Massachusetts",50256,0
25005,"Census Tract 6418, Bristol County, Massachusetts",51373,0
25005,"Census Tract 6419, Bristol County, Massachusetts",31431,0
25005,"Census Tract 6420, Bristol County, Massachusetts",23359,0
25005,"Census Tract 6421, Bristol County, Massachusetts",47105,0
25005,"Census Tract 6422, Bristol County, Massachusetts",41042,0
25005,"Census Tract 6423, Bristol County, Massachusetts",91221,1
25005,"Census Tract 6424, Bristol County, Massachusetts",51202,0
25005,"Census Tract 6425, Bristol County, Massachusetts",67059,1
25005,"Census Tract 6441.01, Bristol County, Massachusetts",76414,1
25005,"Census Tract 6441.02, Bristol County, Massachusetts",78650,1
25005,"Census Tract 6442, Bristol County, Massachusetts",58502,0
25005,"Census Tract 6451.01, Bristol County, Massachusetts",70728,1
25005,"Census Tract 6451.02, Bristol County, Massachusetts",72632,1
25005,"Census Tract 6451.03, Bristol County, Massachusetts",86042,1
25005,"Census Tract 6461.01, Bristol County, Massachusetts",67841,1
25005,"Census Tract 6461.03, Bristol County, Massachusetts",86591,1
25005,"Census Tract 6461.04, Bristol County, Massachusetts",100100,1
25005,"Census Tract 6501.01, Bristol County, Massachusetts",69626,1
25005,"Census Tract 6501.02, Bristol County, Massachusetts",50370,0
25005,"Census Tract 6502.01, Bristol County, Massachusetts",57568,0
25005,"Census Tract 6502.02, Bristol County, Massachusetts",53139,0
25005,"Census Tract 6503, Bristol County, Massachusetts",48225,0
25005,"Census Tract 6504, Bristol County, Massachusetts",38108,0
25005,"Census Tract 6505, Bristol County, Massachusetts",43947,0
25005,"Census Tract 6506, Bristol County, Massachusetts",23929,0
25005,"Census Tract 6507, Bristol County, Massachusetts",32383,0
25005,"Census Tract 6508, Bristol County, Massachusetts",27366,0
25005,"Census Tract 6509, Bristol County, Massachusetts",27532,0
25005,"Census Tract 6510.01, Bristol County, Massachusetts",35469,0
25005,"Census Tract 6510.02, Bristol County, Massachusetts",61088,1
25005,"Census Tract 6511, Bristol County, Massachusetts",30789,0
25005,"Census Tract 6512, Bristol County, Massachusetts",33875,0
25005,"Census Tract 6513, Bristol County, Massachusetts",22500,0
25005,"Census Tract 6514, Bristol County, Massachusetts",33832,0
25005,"Census Tract 6515, Bristol County, Massachusetts",42255,0
25005,"Census Tract 6516, Bristol County, Massachusetts",51733,0
25005,"Census Tract 6517, Bristol County, Massachusetts",24920,0
25005,"Census Tract 6518, Bristol County, Massachusetts",13337,0
25005,"Census Tract 6519, Bristol County, Massachusetts",22593,0
25005,"Census Tract 6520, Bristol County, Massachusetts",34405,0
25005,"Census Tract 6521, Bristol County, Massachusetts",48722,0
25005,"Census Tract 6522, Bristol County, Massachusetts",70410,1
25005,"Census Tract 6523, Bristol County, Massachusetts",40788,0
25005,"Census Tract 6524, Bristol County, Massachusetts",34643,0
25005,"Census Tract 6525, Bristol County, Massachusetts",28305,0
25005,"Census Tract 6526, Bristol County, Massachusetts",30000,0
25005,"Census Tract 6527, Bristol County, Massachusetts",21571,0
25005,"Census Tract 6528, Bristol County, Massachusetts",58675,0
25005,"Census Tract 6531.01, Bristol County, Massachusetts",65777,1
25005,"Census Tract 6531.02, Bristol County, Massachusetts",85257,1
25005,"Census Tract 6532.03, Bristol County, Massachusetts",60099,1
25005,"Census Tract 6532.04, Bristol County, Massachusetts",68676,1
25005,"Census Tract 6533.01, Bristol County, Massachusetts",56250,0
25005,"Census Tract 6533.04, Bristol County, Massachusetts",94583,1
25005,"Census Tract 6541, Bristol County, Massachusetts",80365,1
25005,"Census Tract 6542, Bristol County, Massachusetts",58698,0
25005,"Census Tract 6551, Bristol County, Massachusetts",76521,1
25005,"Census Tract 6552, Bristol County, Massachusetts",47589,0
25005,"Census Tract 6553, Bristol County, Massachusetts",44107,0
25005,"Census Tract 6554, Bristol County, Massachusetts",67300,1
25005,"Census Tract 9855, Bristol County, Massachusetts",82222,1
25005,"Census Tract 9856, Bristol County, Massachusetts",113456,1
25005,"Census Tract 9900, Bristol County, Massachusetts",0,0
25007,"Census Tract 2001, Dukes County, Massachusetts",46816,0
25007,"Census Tract 2002, Dukes County, Massachusetts",57773,0
25007,"Census Tract 2003, Dukes County, Massachusetts",70556,1
25007,"Census Tract 2004, Dukes County, Massachusetts",78854,1
25007,"Census Tract 9900, Dukes County, Massachusetts",0,0
25009,"Census Tract 2011, Essex County, Massachusetts",72625,1
25009,"Census Tract 2021.01, Essex County, Massachusetts",108851,1
25009,"Census Tract 2021.02, Essex County, Massachusetts",74205,1
25009,"Census Tract 2022, Essex County, Massachusetts",133214,1
25009,"Census Tract 2031, Essex County, Massachusetts",130404,1
25009,"Census Tract 2032, Essex County, Massachusetts",101902,1
25009,"Census Tract 2033.01, Essex County, Massachusetts",76625,1
25009,"Census Tract 2033.02, Essex County, Massachusetts",89266,1
25009,"Census Tract 2041.01, Essex County, Massachusetts",57525,0
25009,"Census Tract 2041.02, Essex County, Massachusetts",66953,0
25009,"Census Tract 2042, Essex County, Massachusetts",40469,0
25009,"Census Tract 2043, Essex County, Massachusetts",37451,0
25009,"Census Tract 2044, Essex County, Massachusetts",65497,0
25009,"Census Tract 2045, Essex County, Massachusetts",76769,1
25009,"Census Tract 2046, Essex County, Massachusetts",80757,1
25009,"Census Tract 2047.01, Essex County, Massachusetts",59904,0
25009,"Census Tract 2047.02, Essex County, Massachusetts",63384,0
25009,"Census Tract 2051, Essex County, Massachusetts",84694,1
25009,"Census Tract 2052, Essex County, Massachusetts",69853,0
25009,"Census Tract 2053, Essex County, Massachusetts",88300,1
25009,"Census Tract 2054, Essex County, Massachusetts",106014,1
25009,"Census Tract 2055, Essex County, Massachusetts",51307,0
25009,"Census Tract 2056, Essex County, Massachusetts",42237,0
25009,"Census Tract 2057, Essex County, Massachusetts",88015,1
25009,"Census Tract 2058, Essex County, Massachusetts",58299,0
25009,"Census Tract 2059, Essex County, Massachusetts",71563,1
25009,"Census Tract 2060, Essex County, Massachusetts",40755,0
25009,"Census Tract 2061, Essex County, Massachusetts",27929,0
25009,"Census Tract 2062, Essex County, Massachusetts",36199,0
25009,"Census Tract 2063, Essex County, Massachusetts",60169,0
25009,"Census Tract 2064, Essex County, Massachusetts",55188,0
25009,"Census Tract 2065, Essex County, Massachusetts",36031,0
25009,"Census Tract 2066, Essex County, Massachusetts",38197,0
25009,"Census Tract 2067, Essex County, Massachusetts",34185,0
25009,"Census Tract 2068, Essex County, Massachusetts",20778,0
25009,"Census Tract 2069, Essex County, Massachusetts",26733,0
25009,"Census Tract 2070, Essex County, Massachusetts",22460,0
25009,"Census Tract 2071, Essex County, Massachusetts",44514,0
25009,"Census Tract 2072, Essex County, Massachusetts",32654,0
25009,"Census Tract 2081.01, Essex County, Massachusetts",76821,1
25009,"Census Tract 2081.02, Essex County, Massachusetts",72647,1
25009,"Census Tract 2082, Essex County, Massachusetts",76223,1
25009,"Census Tract 2083, Essex County, Massachusetts",74975,1
25009,"Census Tract 2084, Essex County, Massachusetts",101488,1
25009,"Census Tract 2091, Essex County, Massachusetts",103346,1
25009,"Census Tract 2092, Essex County, Massachusetts",143750,1
25009,"Census Tract 2101, Essex County, Massachusetts",99023,1
25009,"Census Tract 2102, Essex County, Massachusetts",100147,1
25009,"Census Tract 2103, Essex County, Massachusetts",53101,0
25009,"Census Tract 2104, Essex County, Massachusetts",69143,0
25009,"Census Tract 2105, Essex County, Massachusetts",80040,1
25009,"Census Tract 2106, Essex County, Massachusetts",58977,0
25009,"Census Tract 2107, Essex County, Massachusetts",47662,0
25009,"Census Tract 2108, Essex County, Massachusetts",36860,0
25009,"Census Tract 2109, Essex County, Massachusetts",64828,0
25009,"Census Tract 2111, Essex County, Massachusetts",75156,1
25009,"Census Tract 2112, Essex County, Massachusetts",62958,0
25009,"Census Tract 2113, Essex County, Massachusetts",87923,1
25009,"Census Tract 2114.01, Essex County, Massachusetts",76616,1
25009,"Census Tract 2114.02, Essex County, Massachusetts",98264,1
25009,"Census Tract 2121, Essex County, Massachusetts",106326,1
25009,"Census Tract 2131, Essex County, Massachusetts",153578,1
25009,"Census Tract 2141, Essex County, Massachusetts",128283,1
25009,"Census Tract 2151.01, Essex County, Massachusetts",136279,1
25009,"Census Tract 2151.02, Essex County, Massachusetts",85952,1
25009,"Census Tract 2161, Essex County, Massachusetts",99375,1
25009,"Census Tract 2171, Essex County, Massachusetts",93079,1
25009,"Census Tract 2172.01, Essex County, Massachusetts",68191,0
25009,"Census Tract 2172.02, Essex County, Massachusetts",88693,1
25009,"Census Tract 2173, Essex County, Massachusetts",53484,0
25009,"Census Tract 2174, Essex County, Massachusetts",58944,0
25009,"Census Tract 2175, Essex County, Massachusetts",78867,1
25009,"Census Tract 2176, Essex County, Massachusetts",93875,1
25009,"Census Tract 2181, Essex County, Massachusetts",92604,1
25009,"Census Tract 2201.01, Essex County, Massachusetts",67798,0
25009,"Census Tract 2201.02, Essex County, Massachusetts",69813,0
25009,"Census Tract 2211, Essex County, Massachusetts",82209,1
25009,"Census Tract 2213, Essex County, Massachusetts",89435,1
25009,"Census Tract 2214, Essex County, Massachusetts",50222,0
25009,"Census Tract 2215, Essex County, Massachusetts",36845,0
25009,"Census Tract 2216, Essex County, Massachusetts",50058,0
25009,"Census Tract 2217, Essex County, Massachusetts",49575,0
25009,"Census Tract 2218, Essex County, Massachusetts",73095,1
25009,"Census Tract 2219.01, Essex County, Massachusetts",90156,1
25009,"Census Tract 2219.02, Essex County, Massachusetts",80990,1
25009,"Census Tract 2221, Essex County, Massachusetts",103750,1
25009,"Census Tract 2231, Essex County, Massachusetts",70250,0
25009,"Census Tract 2232, Essex County, Massachusetts",57326,0
25009,"Census Tract 2233, Essex County, Massachusetts",101103,1
25009,"Census Tract 2501, Essex County, Massachusetts",20800,0
25009,"Census Tract 2502, Essex County, Massachusetts",40902,0
25009,"Census Tract 2503, Essex County, Massachusetts",38063,0
25009,"Census Tract 2504, Essex County, Massachusetts",22865,0
25009,"Census Tract 2505, Essex County, Massachusetts",40764,0
25009,"Census Tract 2506, Essex County, Massachusetts",48173,0
25009,"Census Tract 2507, Essex County, Massachusetts",36325,0
25009,"Census Tract 2508, Essex County, Massachusetts",47314,0
25009,"Census Tract 2509, Essex County, Massachusetts",21774,0
25009,"Census Tract 2510, Essex County, Massachusetts",35750,0
25009,"Census Tract 2511, Essex County, Massachusetts",16332,0
25009,"Census Tract 2512, Essex County, Massachusetts",17423,0
25009,"Census Tract 2513, Essex County, Massachusetts",29259,0
25009,"Census Tract 2514, Essex County, Massachusetts",38015,0
25009,"Census Tract 2515, Essex County, Massachusetts",33639,0
25009,"Census Tract 2516, Essex County, Massachusetts",39281,0
25009,"Census Tract 2517, Essex County, Massachusetts",47527,0
25009,"Census Tract 2518, Essex County, Massachusetts",53387,0
25009,"Census Tract 2521.01, Essex County, Massachusetts",69257,0
25009,"Census Tract 2521.02, Essex County, Massachusetts",107426,1
25009,"Census Tract 2522.01, Essex County, Massachusetts",71875,1
25009,"Census Tract 2522.02, Essex County, Massachusetts",96466,1
25009,"Census Tract 2523, Essex County, Massachusetts",49563,0
25009,"Census Tract 2524, Essex County, Massachusetts",44359,0
25009,"Census Tract 2525.01, Essex County, Massachusetts",69107,0
25009,"Census Tract 2525.02, Essex County, Massachusetts",70202,0
25009,"Census Tract 2526.01, Essex County, Massachusetts",77807,1
25009,"Census Tract 2526.02, Essex County, Massachusetts",110039,1
25009,"Census Tract 2526.03, Essex County, Massachusetts",81463,1
25009,"Census Tract 2531, Essex County, Massachusetts",75804,1
25009,"Census Tract 2532.01, Essex County, Massachusetts",71729,1
25009,"Census Tract 2532.02, Essex County, Massachusetts",86394,1
25009,"Census Tract 2532.03, Essex County, Massachusetts",145607,1
25009,"Census Tract 2532.04, Essex County, Massachusetts",150887,1
25009,"Census Tract 2532.05, Essex County, Massachusetts",154844,1
25009,"Census Tract 2541, Essex County, Massachusetts",102384,1
25009,"Census Tract 2542, Essex County, Massachusetts",92279,1
25009,"Census Tract 2543.01, Essex County, Massachusetts",159917,1
25009,"Census Tract 2543.02, Essex County, Massachusetts",161875,1
25009,"Census Tract 2544.01, Essex County, Massachusetts",133750,1
25009,"Census Tract 2544.02, Essex County, Massachusetts",154922,1
25009,"Census Tract 2544.03, Essex County, Massachusetts",154191,1
25009,"Census Tract 2601, Essex County, Massachusetts",36508,0
25009,"Census Tract 2602, Essex County, Massachusetts",38979,0
25009,"Census Tract 2603.01, Essex County, Massachusetts",72132,1
25009,"Census Tract 2603.02, Essex County, Massachusetts",96643,1
25009,"Census Tract 2604.01, Essex County, Massachusetts",69318,0
25009,"Census Tract 2604.02, Essex County, Massachusetts",100000,1
25009,"Census Tract 2605, Essex County, Massachusetts",83587,1
25009,"Census Tract 2606, Essex County, Massachusetts",49625,0
25009,"Census Tract 2607, Essex County, Massachusetts",56167,0
25009,"Census Tract 2608, Essex County, Massachusetts",41422,0
25009,"Census Tract 2609, Essex County, Massachusetts",62870,0
25009,"Census Tract 2610, Essex County, Massachusetts",64005,0
25009,"Census Tract 2611.01, Essex County, Massachusetts",98942,1
25009,"Census Tract 2611.02, Essex County, Massachusetts",66563,0
25009,"Census Tract 2621, Essex County, Massachusetts",77481,1
25009,"Census Tract 2631, Essex County, Massachusetts",138947,1
25009,"Census Tract 2641, Essex County, Massachusetts",96512,1
25009,"Census Tract 2651.01, Essex County, Massachusetts",100227,1
25009,"Census Tract 2651.02, Essex County, Massachusetts",114539,1
25009,"Census Tract 2661, Essex County, Massachusetts",93839,1
25009,"Census Tract 2662, Essex County, Massachusetts",73462,1
25009,"Census Tract 2663, Essex County, Massachusetts",68768,0
25009,"Census Tract 2664, Essex County, Massachusetts",72561,1
25009,"Census Tract 2671.01, Essex County, Massachusetts",66597,0
25009,"Census Tract 2671.02, Essex County, Massachusetts",64338,0
25009,"Census Tract 2681, Essex County, Massachusetts",131667,1
25009,"Census Tract 2682, Essex County, Massachusetts",88519,1
25009,"Census Tract 2683, Essex County, Massachusetts",65227,0
25009,"Census Tract 2684, Essex County, Massachusetts",90185,1
25009,"Census Tract 2691, Essex County, Massachusetts",92454,1
25009,"Census Tract 2701, Essex County, Massachusetts",85496,1
25009,"Census Tract 9901, Essex County, Massachusetts",0,0
25011,"Census Tract 401, Franklin County, Massachusetts",53160,0
25011,"Census Tract 402, Franklin County, Massachusetts",66950,1
25011,"Census Tract 403, Franklin County, Massachusetts",63963,1
25011,"Census Tract 404, Franklin County, Massachusetts",55489,0
25011,"Census Tract 405.01, Franklin County, Massachusetts",36902,0
25011,"Census Tract 405.02, Franklin County, Massachusetts",37308,0
25011,"Census Tract 406, Franklin County, Massachusetts",80690,1
25011,"Census Tract 407.01, Franklin County, Massachusetts",40526,0
25011,"Census Tract 407.02, Franklin County, Massachusetts",60313,1
25011,"Census Tract 408, Franklin County, Massachusetts",59583,1
25011,"Census Tract 409, Franklin County, Massachusetts",80000,1
25011,"Census Tract 410, Franklin County, Massachusetts",67172,1
25011,"Census Tract 411, Franklin County, Massachusetts",65658,1
25011,"Census Tract 412, Franklin County, Massachusetts",55417,0
25011,"Census Tract 413, Franklin County, Massachusetts",34622,0
25011,"Census Tract 414, Franklin County, Massachusetts",33967,0
25011,"Census Tract 415.01, Franklin County, Massachusetts",80347,1
25011,"Census Tract 415.02, Franklin County, Massachusetts",52829,0
25013,"Census Tract 8001.01, Hampden County, Massachusetts",45505,0
25013,"Census Tract 8001.02, Hampden County, Massachusetts",31406,0
25013,"Census Tract 8002.01, Hampden County, Massachusetts",39107,0
25013,"Census Tract 8002.02, Hampden County, Massachusetts",35592,0
25013,"Census Tract 8003, Hampden County, Massachusetts",41080,0
25013,"Census Tract 8004, Hampden County, Massachusetts",35604,0
25013,"Census Tract 8005, Hampden County, Massachusetts",40159,0
25013,"Census Tract 8006, Hampden County, Massachusetts",16107,0
25013,"Census Tract 8007, Hampden County, Massachusetts",17352,0
25013,"Census Tract 8008, Hampden County, Massachusetts",13469,0
25013,"Census Tract 8009, Hampden County, Massachusetts",16215,0
25013,"Census Tract 8011.01, Hampden County, Massachusetts",12628,0
25013,"Census Tract 8011.02, Hampden County, Massachusetts",31958,0
25013,"Census Tract 8012, Hampden County, Massachusetts",12907,0
25013,"Census Tract 8013, Hampden County, Massachusetts",29010,0
25013,"Census Tract 8014.01, Hampden County, Massachusetts",23021,0
25013,"Census Tract 8014.02, Hampden County, Massachusetts",55445,1
25013,"Census Tract 8015.01, Hampden County, Massachusetts",50765,0
25013,"Census Tract 8015.02, Hampden County, Massachusetts",32446,0
25013,"Census Tract 8015.03, Hampden County, Massachusetts",38087,0
25013,"Census Tract 8016.01, Hampden County, Massachusetts",45951,0
25013,"Census Tract 8016.02, Hampden County, Massachusetts",50953,0
25013,"Census Tract 8016.03, Hampden County, Massachusetts",53125,1
25013,"Census Tract 8016.04, Hampden County, Massachusetts",71172,1
25013,"Census Tract 8016.05, Hampden County, Massachusetts",50018,0
25013,"Census Tract 8017, Hampden County, Massachusetts",31712,0
25013,"Census Tract 8018, Hampden County, Massachusetts",26507,0
25013,"Census Tract 8019.01, Hampden County, Massachusetts",22038,0
25013,"Census Tract 8019.02, Hampden County, Massachusetts",14176,0
25013,"Census Tract 8020, Hampden County, Massachusetts",19366,0
25013,"Census Tract 8021, Hampden County, Massachusetts",39764,0
25013,"Census Tract 8022, Hampden County, Massachusetts",29231,0
25013,"Census Tract 8023, Hampden County, Massachusetts",28699,0
25013,"Census Tract 8024, Hampden County, Massachusetts",69946,1
25013,"Census Tract 8025, Hampden County, Massachusetts",64643,1
25013,"Census Tract 8026.01, Hampden County, Massachusetts",46972,0
25013,"Census Tract 8026.02, Hampden County, Massachusetts",61200,1
25013,"Census Tract 8101, Hampden County, Massachusetts",55727,1
25013,"Census Tract 8102, Hampden County, Massachusetts",45938,0
25013,"Census Tract 8103, Hampden County, Massachusetts",56500,1
25013,"Census Tract 8104.03, Hampden County, Massachusetts",45888,0
25013,"Census Tract 8104.04, Hampden County, Massachusetts",65946,1
25013,"Census Tract 8104.12, Hampden County, Massachusetts",66653,1
25013,"Census Tract 8104.14, Hampden County, Massachusetts",81667,1
25013,"Census Tract 8106.01, Hampden County, Massachusetts",47017,0
25013,"Census Tract 8106.02, Hampden County, Massachusetts",79559,1
25013,"Census Tract 8107, Hampden County, Massachusetts",59224,1
25013,"Census Tract 8108, Hampden County, Massachusetts",41955,0
25013,"Census Tract 8109.01, Hampden County, Massachusetts",26518,0
25013,"Census Tract 8109.02, Hampden County, Massachusetts",51827,1
25013,"Census Tract 8110, Hampden County, Massachusetts",45239,0
25013,"Census Tract 8111.01, Hampden County, Massachusetts",42551,0
25013,"Census Tract 8111.02, Hampden County, Massachusetts",32538,0
25013,"Census Tract 8112, Hampden County, Massachusetts",65946,1
25013,"Census Tract 8113.01, Hampden County, Massachusetts",56835,1
25013,"Census Tract 8113.02, Hampden County, Massachusetts",57697,1
25013,"Census Tract 8114, Hampden County, Massachusetts",18060,0
25013,"Census Tract 8115, Hampden County, Massachusetts",14408,0
25013,"Census Tract 8116, Hampden County, Massachusetts",14068,0
25013,"Census Tract 8117, Hampden County, Massachusetts",17719,0
25013,"Census Tract 8118, Hampden County, Massachusetts",34618,0
25013,"Census Tract 8119, Hampden County, Massachusetts",73971,1
25013,"Census Tract 8120.01, Hampden County, Massachusetts",29886,0
25013,"Census Tract 8120.02, Hampden County, Massachusetts",49321,0
25013,"Census Tract 8121.01, Hampden County, Massachusetts",82759,1
25013,"Census Tract 8121.03, Hampden County, Massachusetts",48164,0
25013,"Census Tract 8121.04, Hampden County, Massachusetts",52163,1
25013,"Census Tract 8122.01, Hampden County, Massachusetts",48750,0
25013,"Census Tract 8122.02, Hampden County, Massachusetts",40193,0
25013,"Census Tract 8123, Hampden County, Massachusetts",30848,0
25013,"Census Tract 8124.01, Hampden County, Massachusetts",85691,1
25013,"Census Tract 8124.03, Hampden County, Massachusetts",48750,0
25013,"Census Tract 8124.04, Hampden County, Massachusetts",76821,1
25013,"Census Tract 8125, Hampden County, Massachusetts",64331,1
25013,"Census Tract 8126, Hampden County, Massachusetts",80208,1
25013,"Census Tract 8127.01, Hampden County, Massachusetts",44263,0
25013,"Census Tract 8127.02, Hampden County, Massachusetts",36000,0
25013,"Census Tract 8128, Hampden County, Massachusetts",68125,1
25013,"Census Tract 8129.01, Hampden County, Massachusetts",66433,1
25013,"Census Tract 8129.02, Hampden County, Massachusetts",75000,1
25013,"Census Tract 8129.03, Hampden County, Massachusetts",0,0
25013,"Census Tract 8130, Hampden County, Massachusetts",73594,1
25013,"Census Tract 8131.01, Hampden County, Massachusetts",74000,1
25013,"Census Tract 8131.02, Hampden County, Massachusetts",81934,1
25013,"Census Tract 8132.04, Hampden County, Massachusetts",96510,1
25013,"Census Tract 8132.05, Hampden County, Massachusetts",66524,1
25013,"Census Tract 8132.06, Hampden County, Massachusetts",57093,1
25013,"Census Tract 8132.07, Hampden County, Massachusetts",46592,0
25013,"Census Tract 8132.08, Hampden County, Massachusetts",74412,1
25013,"Census Tract 8132.09, Hampden County, Massachusetts",54941,1
25013,"Census Tract 8133.01, Hampden County, Massachusetts",97153,1
25013,"Census Tract 8133.03, Hampden County, Massachusetts",122976,1
25013,"Census Tract 8133.04, Hampden County, Massachusetts",124844,1
25013,"Census Tract 8134.01, Hampden County, Massachusetts",73494,1
25013,"Census Tract 8134.03, Hampden County, Massachusetts",71389,1
25013,"Census Tract 8134.04, Hampden County, Massachusetts",97083,1
25013,"Census Tract 8135, Hampden County, Massachusetts",80375,1
25013,"Census Tract 8136.01, Hampden County, Massachusetts",82966,1
25013,"Census Tract 8136.02, Hampden County, Massachusetts",111607,1
25013,"Census Tract 8137.01, Hampden County, Massachusetts",66667,1
25013,"Census Tract 8137.02, Hampden County, Massachusetts",76857,1
25013,"Census Tract 8138.01, Hampden County, Massachusetts",62750,1
25013,"Census Tract 8138.02, Hampden County, Massachusetts",83273,1
25015,"Census Tract 8201.01, Hampshire County, Massachusetts",59706,0
25015,"Census Tract 8201.02, Hampshire County, Massachusetts",38728,0
25015,"Census Tract 8202.02, Hampshire County, Massachusetts",91518,1
25015,"Census Tract 8202.03, Hampshire County, Massachusetts",72886,1
25015,"Census Tract 8202.04, Hampshire County, Massachusetts",95200,1
25015,"Census Tract 8203, Hampshire County, Massachusetts",39144,0
25015,"Census Tract 8204, Hampshire County, Massachusetts",0,0
25015,"Census Tract 8205, Hampshire County, Massachusetts",32679,0
25015,"Census Tract 8206, Hampshire County, Massachusetts",103021,1
25015,"Census Tract 8207, Hampshire County, Massachusetts",79821,1
25015,"Census Tract 8208.01, Hampshire County, Massachusetts",61875,0
25015,"Census Tract 8208.02, Hampshire County, Massachusetts",0,0
25015,"Census Tract 8209, Hampshire County, Massachusetts",86692,1
25015,"Census Tract 8210, Hampshire County, Massachusetts",69033,1
25015,"Census Tract 8211, Hampshire County, Massachusetts",51073,0
25015,"Census Tract 8212, Hampshire County, Massachusetts",123125,1
25015,"Census Tract 8213, Hampshire County, Massachusetts",79773,1
25015,"Census Tract 8214, Hampshire County, Massachusetts",62634,1
25015,"Census Tract 8215, Hampshire County, Massachusetts",64427,1
25015,"Census Tract 8216.01, Hampshire County, Massachusetts",52981,0
25015,"Census Tract 8216.02, Hampshire County, Massachusetts",53125,0
25015,"Census Tract 8217, Hampshire County, Massachusetts",69504,1
25015,"Census Tract 8219.01, Hampshire County, Massachusetts",78214,1
25015,"Census Tract 8219.03, Hampshire County, Massachusetts",33147,0
25015,"Census Tract 8219.04, Hampshire County, Massachusetts",61835,0
25015,"Census Tract 8220, Hampshire County, Massachusetts",63125,1
25015,"Census Tract 8222, Hampshire County, Massachusetts",92159,1
25015,"Census Tract 8223, Hampshire County, Massachusetts",46932,0
25015,"Census Tract 8224.01, Hampshire County, Massachusetts",82857,1
25015,"Census Tract 8224.02, Hampshire County, Massachusetts",55417,0
25015,"Census Tract 8225, Hampshire County, Massachusetts",90318,1
25015,"Census Tract 8226.01, Hampshire County, Massachusetts",68958,1
25015,"Census Tract 8226.03, Hampshire County, Massachusetts",82788,1
25015,"Census Tract 8226.05, Hampshire County, Massachusetts",66500,1
25015,"Census Tract 8226.06, Hampshire County, Massachusetts",72778,1
25015,"Census Tract 8227, Hampshire County, Massachusetts",64226,1
25017,"Census Tract 3001, Middlesex County, Massachusetts",89934,1
25017,"Census Tract 3011.01, Middlesex County, Massachusetts",72303,0
25017,"Census Tract 3011.02, Middlesex County, Massachusetts",98750,1
25017,"Census Tract 3101, Middlesex County, Massachusetts",31550,0
25017,"Census Tract 3102, Middlesex County, Massachusetts",55035,0
25017,"Census Tract 3103, Middlesex County, Massachusetts",36861,0
25017,"Census Tract 3104, Middlesex County, Massachusetts",28567,0
25017,"Census Tract 3105, Middlesex County, Massachusetts",51101,0
25017,"Census Tract 3106.01, Middlesex County, Massachusetts",67404,0
25017,"Census Tract 3106.02, Middlesex County, Massachusetts",51989,0
25017,"Census Tract 3107, Middlesex County, Massachusetts",34712,0
25017,"Census Tract 3111, Middlesex County, Massachusetts",45694,0
25017,"Census Tract 3112, Middlesex County, Massachusetts",39486,0
25017,"Census Tract 3113, Middlesex County, Massachusetts",49000,0
25017,"Census Tract 3114, Middlesex County, Massachusetts",43750,0
25017,"Census Tract 3115, Middlesex County, Massachusetts",64583,0
25017,"Census Tract 3116, Middlesex County, Massachusetts",64122,0
25017,"Census Tract 3117, Middlesex County, Massachusetts",53281,0
25017,"Census Tract 3118, Middlesex County, Massachusetts",36702,0
25017,"Census Tract 3119, Middlesex County, Massachusetts",24654,0
25017,"Census Tract 3120, Middlesex County, Massachusetts",42800,0
25017,"Census Tract 3121, Middlesex County, Massachusetts",43607,0
25017,"Census Tract 3122, Middlesex County, Massachusetts",63200,0
25017,"Census Tract 3123, Middlesex County, Massachusetts",66537,0
25017,"Census Tract 3124, Middlesex County, Massachusetts",30739,0
25017,"Census Tract 3125.01, Middlesex County, Massachusetts",67361,0
25017,"Census Tract 3125.02, Middlesex County, Massachusetts",66964,0
25017,"Census Tract 3131.01, Middlesex County, Massachusetts",110117,1
25017,"Census Tract 3131.02, Middlesex County, Massachusetts",98294,1
25017,"Census Tract 3141.01, Middlesex County, Massachusetts",97457,1
25017,"Census Tract 3141.02, Middlesex County, Massachusetts",71479,0
25017,"Census Tract 3142, Middlesex County, Massachusetts",71423,0
25017,"Census Tract 3143.01, Middlesex County, Massachusetts",93382,1
25017,"Census Tract 3143.02, Middlesex County, Massachusetts",125938,1
25017,"Census Tract 3151, Middlesex County, Massachusetts",101649,1
25017,"Census Tract 3152, Middlesex County, Massachusetts",91667,1
25017,"Census Tract 3154.01, Middlesex County, Massachusetts",65139,0
25017,"Census Tract 3154.02, Middlesex County, Massachusetts",112991,1
25017,"Census Tract 3154.03, Middlesex County, Massachusetts",102218,1
25017,"Census Tract 3155, Middlesex County, Massachusetts",85239,0
25017,"Census Tract 3161.01, Middlesex County, Massachusetts",100972,1
25017,"Census Tract 3161.02, Middlesex County, Massachusetts",107383,1
25017,"Census Tract 3162.01, Middlesex County, Massachusetts",105365,1
25017,"Census Tract 3162.02, Middlesex County, Massachusetts",103472,1
25017,"Census Tract 3163, Middlesex County, Massachusetts",85958,0
25017,"Census Tract 3164, Middlesex County, Massachusetts",101713,1
25017,"Census Tract 3165, Middlesex County, Massachusetts",95288,1
25017,"Census Tract 3171.01, Middlesex County, Massachusetts",98694,1
25017,"Census Tract 3171.02, Middlesex County, Massachusetts",104483,1
25017,"Census Tract 3171.03, Middlesex County, Massachusetts",127798,1
25017,"Census Tract 3172.01, Middlesex County, Massachusetts",128571,1
25017,"Census Tract 3172.02, Middlesex County, Massachusetts",129350,1
25017,"Census Tract 3172.03, Middlesex County, Massachusetts",96972,1
25017,"Census Tract 3173.01, Middlesex County, Massachusetts",75591,0
25017,"Census Tract 3173.02, Middlesex County, Massachusetts",80278,0
25017,"Census Tract 3181, Middlesex County, Massachusetts",120417,1
25017,"Census Tract 3182, Middlesex County, Massachusetts",115670,1
25017,"Census Tract 3183, Middlesex County, Massachusetts",151549,1
25017,"Census Tract 3184, Middlesex County, Massachusetts",148529,1
25017,"Census Tract 3201.02, Middlesex County, Massachusetts",140230,1
25017,"Census Tract 3201.03, Middlesex County, Massachusetts",153750,1
25017,"Census Tract 3201.04, Middlesex County, Massachusetts",146875,1
25017,"Census Tract 3211, Middlesex County, Massachusetts",82000,0
25017,"Census Tract 3212, Middlesex County, Massachusetts",64896,0
25017,"Census Tract 3213, Middlesex County, Massachusetts",60558,0
25017,"Census Tract 3214, Middlesex County, Massachusetts",94293,1
25017,"Census Tract 3215, Middlesex County, Massachusetts",75472,0
25017,"Census Tract 3216, Middlesex County, Massachusetts",84038,0
25017,"Census Tract 3221, Middlesex County, Massachusetts",110086,1
25017,"Census Tract 3222, Middlesex County, Massachusetts",77131,0
25017,"Census Tract 3223, Middlesex County, Massachusetts",63571,0
25017,"Census Tract 3224, Middlesex County, Massachusetts",80272,0
25017,"Census Tract 3231, Middlesex County, Massachusetts",146799,1
25017,"Census Tract 3241.01, Middlesex County, Massachusetts",102778,1
25017,"Census Tract 3241.02, Middlesex County, Massachusetts",113000,1
25017,"Census Tract 3251, Middlesex County, Massachusetts",77112,0
25017,"Census Tract 3261.01, Middlesex County, Massachusetts",128981,1
25017,"Census Tract 3261.02, Middlesex County, Massachusetts",115227,1
25017,"Census Tract 3271.01, Middlesex County, Massachusetts",106750,1
25017,"Census Tract 3271.02, Middlesex County, Massachusetts",77829,0
25017,"Census Tract 3271.03, Middlesex County, Massachusetts",86389,0
25017,"Census Tract 3281, Middlesex County, Massachusetts",118984,1
25017,"Census Tract 3301, Middlesex County, Massachusetts",146650,1
25017,"Census Tract 3302, Middlesex County, Massachusetts",99792,1
25017,"Census Tract 3311.01, Middlesex County, Massachusetts",100508,1
25017,"Census Tract 3311.02, Middlesex County, Massachusetts",99456,1
25017,"Census Tract 3312, Middlesex County, Massachusetts",98077,1
25017,"Census Tract 3313, Middlesex County, Massachusetts",116146,1
25017,"Census Tract 3321, Middlesex County, Massachusetts",111326,1
25017,"Census Tract 3322, Middlesex County, Massachusetts",91000,1
25017,"Census Tract 3323, Middlesex County, Massachusetts",78750,0
25017,"Census Tract 3324, Middlesex County, Massachusetts",93816,1
25017,"Census Tract 3331, Middlesex County, Massachusetts",91065,1
25017,"Census Tract 3332, Middlesex County, Massachusetts",72656,0
25017,"Census Tract 3333, Middlesex County, Massachusetts",74632,0
25017,"Census Tract 3334, Middlesex County, Massachusetts",88367,0
25017,"Census Tract 3335.01, Middlesex County, Massachusetts",102750,1
25017,"Census Tract 3335.02, Middlesex County, Massachusetts",69432,0
25017,"Census Tract 3336, Middlesex County, Massachusetts",90123,1
25017,"Census Tract 3341, Middlesex County, Massachusetts",115463,1
25017,"Census Tract 3342, Middlesex County, Massachusetts",108750,1
25017,"Census Tract 3343, Middlesex County, Massachusetts",128911,1
25017,"Census Tract 3344, Middlesex County, Massachusetts",84385,0
25017,"Census Tract 3351, Middlesex County, Massachusetts",89868,1
25017,"Census Tract 3352, Middlesex County, Massachusetts",100588,1
25017,"Census Tract 3353.01, Middlesex County, Massachusetts",78429,0
25017,"Census Tract 3353.02, Middlesex County, Massachusetts",87292,0
25017,"Census Tract 3354, Middlesex County, Massachusetts",95078,1
25017,"Census Tract 3361, Middlesex County, Massachusetts",73633,0
25017,"Census Tract 3362, Middlesex County, Massachusetts",117303,1
25017,"Census Tract 3363, Middlesex County, Massachusetts",104505,1
25017,"Census Tract 3364.01, Middlesex County, Massachusetts",61839,0
25017,"Census Tract 3364.02, Middlesex County, Massachusetts",81250,0
25017,"Census Tract 3371.01, Middlesex County, Massachusetts",77727,0
25017,"Census Tract 3371.02, Middlesex County, Massachusetts",99875,1
25017,"Census Tract 3372.01, Middlesex County, Massachusetts",61875,0
25017,"Census Tract 3372.02, Middlesex County, Massachusetts",76615,0
25017,"Census Tract 3373, Middlesex County, Massachusetts",89003,0
25017,"Census Tract 3381, Middlesex County, Massachusetts",160586,1
25017,"Census Tract 3382, Middlesex County, Massachusetts",103333,1
25017,"Census Tract 3383, Middlesex County, Massachusetts",128897,1
25017,"Census Tract 3384, Middlesex County, Massachusetts",177935,1
25017,"Census Tract 3385, Middlesex County, Massachusetts",197125,1
25017,"Census Tract 3391, Middlesex County, Massachusetts",55593,0
25017,"Census Tract 3392, Middlesex County, Massachusetts",120766,1
25017,"Census Tract 3393, Middlesex County, Massachusetts",81375,0
25017,"Census Tract 3394, Middlesex County, Massachusetts",68670,0
25017,"Census Tract 3395, Middlesex County, Massachusetts",81964,0
25017,"Census Tract 3396, Middlesex County, Massachusetts",79915,0
25017,"Census Tract 3397, Middlesex County, Massachusetts",57708,0
25017,"Census Tract 3398.01, Middlesex County, Massachusetts",86031,0
25017,"Census Tract 3398.02, Middlesex County, Massachusetts",69375,0
25017,"Census Tract 3399, Middlesex County, Massachusetts",65804,0
25017,"Census Tract 3400, Middlesex County, Massachusetts",64879,0
25017,"Census Tract 3401, Middlesex County, Massachusetts",98569,1
25017,"Census Tract 3411.01, Middlesex County, Massachusetts",76816,0
25017,"Census Tract 3411.02, Middlesex County, Massachusetts",49627,0
25017,"Census Tract 3412, Middlesex County, Massachusetts",62226,0
25017,"Census Tract 3413, Middlesex County, Massachusetts",37813,0
25017,"Census Tract 3414, Middlesex County, Massachusetts",62930,0
25017,"Census Tract 3415, Middlesex County, Massachusetts",58770,0
25017,"Census Tract 3416, Middlesex County, Massachusetts",66150,0
25017,"Census Tract 3417, Middlesex County, Massachusetts",64136,0
25017,"Census Tract 3418, Middlesex County, Massachusetts",35672,0
25017,"Census Tract 3419.01, Middlesex County, Massachusetts",63988,0
25017,"Census Tract 3419.02, Middlesex County, Massachusetts",75533,0
25017,"Census Tract 3421.01, Middlesex County, Massachusetts",44087,0
25017,"Census Tract 3421.02, Middlesex County, Massachusetts",35372,0
25017,"Census Tract 3422.01, Middlesex County, Massachusetts",53902,0
25017,"Census Tract 3422.02, Middlesex County, Massachusetts",64861,0
25017,"Census Tract 3423, Middlesex County, Massachusetts",66498,0
25017,"Census Tract 3424, Middlesex County, Massachusetts",46471,0
25017,"Census Tract 3425, Middlesex County, Massachusetts",46664,0
25017,"Census Tract 3426, Middlesex County, Massachusetts",57733,0
25017,"Census Tract 3501.03, Middlesex County, Massachusetts",100336,1
25017,"Census Tract 3501.04, Middlesex County, Massachusetts",51890,0
25017,"Census Tract 3502, Middlesex County, Massachusetts",80694,0
25017,"Census Tract 3503, Middlesex County, Massachusetts",71953,0
25017,"Census Tract 3504, Middlesex County, Massachusetts",91071,1
25017,"Census Tract 3505, Middlesex County, Massachusetts",97344,1
25017,"Census Tract 3506, Middlesex County, Massachusetts",109318,1
25017,"Census Tract 3507, Middlesex County, Massachusetts",73704,0
25017,"Census Tract 3508, Middlesex County, Massachusetts",115893,1
25017,"Census Tract 3509, Middlesex County, Massachusetts",115250,1
25017,"Census Tract 3510, Middlesex County, Massachusetts",93906,1
25017,"Census Tract 3511, Middlesex County, Massachusetts",96952,1
25017,"Census Tract 3512.03, Middlesex County, Massachusetts",81952,0
25017,"Census Tract 3512.04, Middlesex County, Massachusetts",69541,0
25017,"Census Tract 3513, Middlesex County, Massachusetts",70202,0
25017,"Census Tract 3514.03, Middlesex County, Massachusetts",60774,0
25017,"Census Tract 3514.04, Middlesex County, Massachusetts",54835,0
25017,"Census Tract 3515, Middlesex County, Massachusetts",60357,0
25017,"Census Tract 3521.01, Middlesex County, Massachusetts",84659,0
25017,"Census Tract 3521.02, Middlesex County, Massachusetts",112784,1
25017,"Census Tract 3522, Middlesex County, Massachusetts",31845,0
25017,"Census Tract 3523, Middlesex County, Massachusetts",93369,1
25017,"Census Tract 3524, Middlesex County, Massachusetts",39698,0
25017,"Census Tract 3525, Middlesex County, Massachusetts",87829,0
25017,"Census Tract 3526, Middlesex County, Massachusetts",62100,0
25017,"Census Tract 3527, Middlesex County, Massachusetts",52112,0
25017,"Census Tract 3528, Middlesex County, Massachusetts",88173,0
25017,"Census Tract 3529, Middlesex County, Massachusetts",98071,1
25017,"Census Tract 3530, Middlesex County, Massachusetts",59821,0
25017,"Census Tract 3531.01, Middlesex County, Massachusetts",90144,1
25017,"Census Tract 3531.02, Middlesex County, Massachusetts",100476,1
25017,"Census Tract 3532, Middlesex County, Massachusetts",83472,0
25017,"Census Tract 3533, Middlesex County, Massachusetts",96544,1
25017,"Census Tract 3534, Middlesex County, Massachusetts",79167,0
25017,"Census Tract 3535, Middlesex County, Massachusetts",81063,0
25017,"Census Tract 3536, Middlesex County, Massachusetts",95750,1
25017,"Census Tract 3537, Middlesex County, Massachusetts",70150,0
25017,"Census Tract 3538, Middlesex County, Massachusetts",77484,0
25017,"Census Tract 3539, Middlesex County, Massachusetts",54239,0
25017,"Census Tract 3540, Middlesex County, Massachusetts",69279,0
25017,"Census Tract 3541, Middlesex County, Massachusetts",113973,1
25017,"Census Tract 3542, Middlesex County, Massachusetts",150976,1
25017,"Census Tract 3543, Middlesex County, Massachusetts",68929,0
25017,"Census Tract 3544, Middlesex County, Massachusetts",135714,1
25017,"Census Tract 3545, Middlesex County, Massachusetts",75066,0
25017,"Census Tract 3546, Middlesex County, Massachusetts",79706,0
25017,"Census Tract 3547, Middlesex County, Massachusetts",101027,1
25017,"Census Tract 3548, Middlesex County, Massachusetts",116898,1
25017,"Census Tract 3549, Middlesex County, Massachusetts",54507,0
25017,"Census Tract 3550, Middlesex County, Massachusetts",95037,1
25017,"Census Tract 3561, Middlesex County, Massachusetts",125091,1
25017,"Census Tract 3563, Middlesex County, Massachusetts",87622,0
25017,"Census Tract 3564, Middlesex County, Massachusetts",120163,1
25017,"Census Tract 3565, Middlesex County, Massachusetts",98750,1
25017,"Census Tract 3566.01, Middlesex County, Massachusetts",87273,0
25017,"Census Tract 3566.02, Middlesex County, Massachusetts",126083,1
25017,"Census Tract 3567.01, Middlesex County, Massachusetts",85514,0
25017,"Census Tract 3567.02, Middlesex County, Massachusetts",94938,1
25017,"Census Tract 3571, Middlesex County, Massachusetts",99583,1
25017,"Census Tract 3572, Middlesex County, Massachusetts",159375,1
25017,"Census Tract 3573, Middlesex County, Massachusetts",120167,1
25017,"Census Tract 3574, Middlesex County, Massachusetts",136250,1
25017,"Census Tract 3575, Middlesex County, Massachusetts",105625,1
25017,"Census Tract 3576, Middlesex County, Massachusetts",72656,0
25017,"Census Tract 3577, Middlesex County, Massachusetts",72169,0
25017,"Census Tract 3578, Middlesex County, Massachusetts",155667,1
25017,"Census Tract 3581, Middlesex County, Massachusetts",156618,1
25017,"Census Tract 3583, Middlesex County, Massachusetts",155118,1
25017,"Census Tract 3584, Middlesex County, Massachusetts",121992,1
25017,"Census Tract 3585, Middlesex County, Massachusetts",165625,1
25017,"Census Tract 3586, Middlesex County, Massachusetts",152768,1
25017,"Census Tract 3587, Middlesex County, Massachusetts",158750,1
25017,"Census Tract 3591, Middlesex County, Massachusetts",111129,1
25017,"Census Tract 3593, Middlesex County, Massachusetts",123399,1
25017,"Census Tract 3601, Middlesex County, Massachusetts",84583,0
25017,"Census Tract 3602, Middlesex County, Massachusetts",143750,1
25017,"Census Tract 3611, Middlesex County, Massachusetts",134597,1
25017,"Census Tract 3612, Middlesex County, Massachusetts",124297,1
25017,"Census Tract 3613, Middlesex County, Massachusetts",167778,1
25017,"Census Tract 3621, Middlesex County, Massachusetts",167400,1
25017,"Census Tract 3631.02, Middlesex County, Massachusetts",99741,1
25017,"Census Tract 3631.03, Middlesex County, Massachusetts",126618,1
25017,"Census Tract 3631.04, Middlesex County, Massachusetts",155239,1
25017,"Census Tract 3632.01, Middlesex County, Massachusetts",151500,1
25017,"Census Tract 3632.02, Middlesex County, Massachusetts",137250,1
25017,"Census Tract 3641.01, Middlesex County, Massachusetts",94625,1
25017,"Census Tract 3641.02, Middlesex County, Massachusetts",82375,0
25017,"Census Tract 3651, Middlesex County, Massachusetts",174634,1
25017,"Census Tract 3652.01, Middlesex County, Massachusetts",163030,1
25017,"Census Tract 3652.02, Middlesex County, Massachusetts",140625,1
25017,"Census Tract 3661, Middlesex County, Massachusetts",121771,1
25017,"Census Tract 3662.01, Middlesex County, Massachusetts",215250,1
25017,"Census Tract 3662.02, Middlesex County, Massachusetts",170613,1
25017,"Census Tract 3671, Middlesex County, Massachusetts",186289,1
25017,"Census Tract 3672, Middlesex County, Massachusetts",193580,1
25017,"Census Tract 3681.01, Middlesex County, Massachusetts",109583,1
25017,"Census Tract 3681.02, Middlesex County, Massachusetts",104393,1
25017,"Census Tract 3682, Middlesex County, Massachusetts",99611,1
25017,"Census Tract 3683, Middlesex County, Massachusetts",62012,0
25017,"Census Tract 3684, Middlesex County, Massachusetts",81199,0
25017,"Census Tract 3685, Middlesex County, Massachusetts",55694,0
25017,"Census Tract 3686, Middlesex County, Massachusetts",78944,0
25017,"Census Tract 3687, Middlesex County, Massachusetts",63603,0
25017,"Census Tract 3688, Middlesex County, Massachusetts",68938,0
25017,"Census Tract 3689.01, Middlesex County, Massachusetts",79620,0
25017,"Census Tract 3689.02, Middlesex County, Massachusetts",68871,0
25017,"Census Tract 3690, Middlesex County, Massachusetts",95592,1
25017,"Census Tract 3691, Middlesex County, Massachusetts",101991,1
25017,"Census Tract 3701.01, Middlesex County, Massachusetts",91942,1
25017,"Census Tract 3701.02, Middlesex County, Massachusetts",90265,1
25017,"Census Tract 3702.01, Middlesex County, Massachusetts",107546,1
25017,"Census Tract 3702.02, Middlesex County, Massachusetts",99783,1
25017,"Census Tract 3703, Middlesex County, Massachusetts",77069,0
25017,"Census Tract 3704, Middlesex County, Massachusetts",91383,1
25017,"Census Tract 3731, Middlesex County, Massachusetts",83409,0
25017,"Census Tract 3732, Middlesex County, Massachusetts",79045,0
25017,"Census Tract 3733, Middlesex County, Massachusetts",106250,1
25017,"Census Tract 3734, Middlesex County, Massachusetts",128790,1
25017,"Census Tract 3735, Middlesex County, Massachusetts",188333,1
25017,"Census Tract 3736, Middlesex County, Massachusetts",167232,1
25017,"Census Tract 3737, Middlesex County, Massachusetts",197898,1
25017,"Census Tract 3738, Middlesex County, Massachusetts",117569,1
25017,"Census Tract 3739, Middlesex County, Massachusetts",171313,1
25017,"Census Tract 3740, Middlesex County, Massachusetts",124263,1
25017,"Census Tract 3741, Middlesex County, Massachusetts",99839,1
25017,"Census Tract 3742, Middlesex County, Massachusetts",164612,1
25017,"Census Tract 3743, Middlesex County, Massachusetts",184196,1
25017,"Census Tract 3744, Middlesex County, Massachusetts",159417,1
25017,"Census Tract 3745, Middlesex County, Massachusetts",123462,1
25017,"Census Tract 3746, Middlesex County, Massachusetts",114786,1
25017,"Census Tract 3747, Middlesex County, Massachusetts",114563,1
25017,"Census Tract 3748, Middlesex County, Massachusetts",124280,1
25017,"Census Tract 3821, Middlesex County, Massachusetts",120270,1
25017,"Census Tract 3822, Middlesex County, Massachusetts",107543,1
25017,"Census Tract 3823, Middlesex County, Massachusetts",127222,1
25017,"Census Tract 3824, Middlesex County, Massachusetts",95331,1
25017,"Census Tract 3825, Middlesex County, Massachusetts",103911,1
25017,"Census Tract 3826.01, Middlesex County, Massachusetts",77541,0
25017,"Census Tract 3826.02, Middlesex County, Massachusetts",113672,1
25017,"Census Tract 3831.01, Middlesex County, Massachusetts",28472,0
25017,"Census Tract 3831.02, Middlesex County, Massachusetts",35724,0
25017,"Census Tract 3832, Middlesex County, Massachusetts",61694,0
25017,"Census Tract 3833, Middlesex County, Massachusetts",50625,0
25017,"Census Tract 3834, Middlesex County, Massachusetts",56186,0
25017,"Census Tract 3835.01, Middlesex County, Massachusetts",41579,0
25017,"Census Tract 3835.02, Middlesex County, Massachusetts",75380,0
25017,"Census Tract 3836, Middlesex County, Massachusetts",72205,0
25017,"Census Tract 3837, Middlesex County, Massachusetts",87600,0
25017,"Census Tract 3838, Middlesex County, Massachusetts",108750,1
25017,"Census Tract 3839.01, Middlesex County, Massachusetts",99707,1
25017,"Census Tract 3839.02, Middlesex County, Massachusetts",139364,1
25017,"Census Tract 3840.01, Middlesex County, Massachusetts",96563,1
25017,"Census Tract 3840.02, Middlesex County, Massachusetts",70271,0
25017,"Census Tract 3851, Middlesex County, Massachusetts",118625,1
25017,"Census Tract 3852.01, Middlesex County, Massachusetts",66549,0
25017,"Census Tract 3852.02, Middlesex County, Massachusetts",107155,1
25017,"Census Tract 3861, Middlesex County, Massachusetts",158250,1
25017,"Census Tract 3871, Middlesex County, Massachusetts",103583,1
25017,"Census Tract 3872.01, Middlesex County, Massachusetts",103281,1
25017,"Census Tract 3872.02, Middlesex County, Massachusetts",127500,1
25017,"Census Tract 3881, Middlesex County, Massachusetts",103556,1
25017,"Census Tract 3882, Middlesex County, Massachusetts",68864,0
25017,"Census Tract 3883, Middlesex County, Massachusetts",13984,0
25017,"Census Tract 9800, Middlesex County, Massachusetts",0,0
25019,"Census Tract 9501, Nantucket County, Massachusetts",73462,0
25019,"Census Tract 9502, Nantucket County, Massachusetts",87344,0
25019,"Census Tract 9503.07, Nantucket County, Massachusetts",81563,0
25019,"Census Tract 9504, Nantucket County, Massachusetts",104464,1
25019,"Census Tract 9505, Nantucket County, Massachusetts",84091,0
25019,"Census Tract 9900, Nantucket County, Massachusetts",0,0
25021,"Census Tract 4001, Norfolk County, Massachusetts",97132,1
25021,"Census Tract 4002, Norfolk County, Massachusetts",65845,0
25021,"Census Tract 4003, Norfolk County, Massachusetts",126711,1
25021,"Census Tract 4004, Norfolk County, Massachusetts",95278,1
25021,"Census Tract 4005, Norfolk County, Massachusetts",109333,1
25021,"Census Tract 4006, Norfolk County, Massachusetts",105230,1
25021,"Census Tract 4007, Norfolk County, Massachusetts",134792,1
25021,"Census Tract 4008, Norfolk County, Massachusetts",95817,1
25021,"Census Tract 4009, Norfolk County, Massachusetts",64797,0
25021,"Census Tract 4010, Norfolk County, Massachusetts",91705,1
25021,"Census Tract 4011, Norfolk County, Massachusetts",166552,1
25021,"Census Tract 4012, Norfolk County, Massachusetts",112773,1
25021,"Census Tract 4021.01, Norfolk County, Massachusetts",74866,0
25021,"Census Tract 4021.02, Norfolk County, Massachusetts",68864,0
25021,"Census Tract 4022, Norfolk County, Massachusetts",82667,0
25021,"Census Tract 4023, Norfolk County, Massachusetts",103750,1
25021,"Census Tract 4024, Norfolk County, Massachusetts",94549,1
25021,"Census Tract 4025, Norfolk County, Massachusetts",101944,1
25021,"Census Tract 4031, Norfolk County, Massachusetts",168239,1
25021,"Census Tract 4033, Norfolk County, Massachusetts",160776,1
25021,"Census Tract 4034, Norfolk County, Massachusetts",129940,1
25021,"Census Tract 4035, Norfolk County, Massachusetts",121029,1
25021,"Census Tract 4041, Norfolk County, Massachusetts",147361,1
25021,"Census Tract 4042.01, Norfolk County, Massachusetts",186974,1
25021,"Census Tract 4042.02, Norfolk County, Massachusetts",184926,1
25021,"Census Tract 4043.01, Norfolk County, Massachusetts",198640,1
25021,"Census Tract 4043.02, Norfolk County, Massachusetts",159400,1
25021,"Census Tract 4044, Norfolk County, Massachusetts",142143,1
25021,"Census Tract 4051, Norfolk County, Massachusetts",189265,1
25021,"Census Tract 4061.01, Norfolk County, Massachusetts",138315,1
25021,"Census Tract 4061.02, Norfolk County, Massachusetts",152917,1
25021,"Census Tract 4071, Norfolk County, Massachusetts",97591,1
25021,"Census Tract 4081.01, Norfolk County, Massachusetts",119345,1
25021,"Census Tract 4081.02, Norfolk County, Massachusetts",101250,1
25021,"Census Tract 4091.01, Norfolk County, Massachusetts",131000,1
25021,"Census Tract 4091.02, Norfolk County, Massachusetts",142969,1
25021,"Census Tract 4101, Norfolk County, Massachusetts",87625,0
25021,"Census Tract 4103, Norfolk County, Massachusetts",101444,1
25021,"Census Tract 4104, Norfolk County, Massachusetts",93224,1
25021,"Census Tract 4111, Norfolk County, Massachusetts",91959,1
25021,"Census Tract 4112, Norfolk County, Massachusetts",99875,1
25021,"Census Tract 4113.01, Norfolk County, Massachusetts",104918,1
25021,"Census Tract 4113.02, Norfolk County, Massachusetts",100268,1
25021,"Census Tract 4121, Norfolk County, Massachusetts",142318,1
25021,"Census Tract 4122, Norfolk County, Massachusetts",139167,1
25021,"Census Tract 4123, Norfolk County, Massachusetts",130764,1
25021,"Census Tract 4131, Norfolk County, Massachusetts",81786,0
25021,"Census Tract 4132, Norfolk County, Massachusetts",69072,0
25021,"Census Tract 4133, Norfolk County, Massachusetts",110721,1
25021,"Census Tract 4134.01, Norfolk County, Massachusetts",64028,0
25021,"Census Tract 4134.02, Norfolk County, Massachusetts",85000,0
25021,"Census Tract 4135, Norfolk County, Massachusetts",88825,0
25021,"Census Tract 4141, Norfolk County, Massachusetts",125281,1
25021,"Census Tract 4142, Norfolk County, Massachusetts",163598,1
25021,"Census Tract 4143, Norfolk County, Massachusetts",102083,1
25021,"Census Tract 4151.01, Norfolk County, Massachusetts",108618,1
25021,"Census Tract 4151.02, Norfolk County, Massachusetts",69606,0
25021,"Census Tract 4152, Norfolk County, Massachusetts",88698,0
25021,"Census Tract 4153, Norfolk County, Massachusetts",118523,1
25021,"Census Tract 4161.01, Norfolk County, Massachusetts",141629,1
25021,"Census Tract 4161.02, Norfolk County, Massachusetts",104821,1
25021,"Census Tract 4162, Norfolk County, Massachusetts",105500,1
25021,"Census Tract 4163, Norfolk County, Massachusetts",121080,1
25021,"Census Tract 4164, Norfolk County, Massachusetts",122216,1
25021,"Census Tract 4171, Norfolk County, Massachusetts",87535,0
25021,"Census Tract 4172, Norfolk County, Massachusetts",62188,0
25021,"Census Tract 4173, Norfolk County, Massachusetts",86189,0
25021,"Census Tract 4174, Norfolk County, Massachusetts",86679,0
25021,"Census Tract 4175.01, Norfolk County, Massachusetts",76406,0
25021,"Census Tract 4175.02, Norfolk County, Massachusetts",62400,0
25021,"Census Tract 4176.01, Norfolk County, Massachusetts",70230,0
25021,"Census Tract 4176.02, Norfolk County, Massachusetts",68689,0
25021,"Census Tract 4177.01, Norfolk County, Massachusetts",46852,0
25021,"Census Tract 4177.02, Norfolk County, Massachusetts",85089,0
25021,"Census Tract 4178.01, Norfolk County, Massachusetts",87566,0
25021,"Census Tract 4178.02, Norfolk County, Massachusetts",24384,0
25021,"Census Tract 4179.01, Norfolk County, Massachusetts",44875,0
25021,"Census Tract 4179.02, Norfolk County, Massachusetts",60000,0
25021,"Census Tract 4180.02, Norfolk County, Massachusetts",69970,0
25021,"Census Tract 4180.03, Norfolk County, Massachusetts",81920,0
25021,"Census Tract 4180.04, Norfolk County, Massachusetts",57202,0
25021,"Census Tract 4181.01, Norfolk County, Massachusetts",60871,0
25021,"Census Tract 4181.02, Norfolk County, Massachusetts",52875,0
25021,"Census Tract 4182, Norfolk County, Massachusetts",88833,0
25021,"Census Tract 4191, Norfolk County, Massachusetts",89514,0
25021,"Census Tract 4192, Norfolk County, Massachusetts",91667,1
25021,"Census Tract 4193, Norfolk County, Massachusetts",62202,0
25021,"Census Tract 4194, Norfolk County, Massachusetts",70156,0
25021,"Census Tract 4195, Norfolk County, Massachusetts",80179,0
25021,"Census Tract 4196, Norfolk County, Massachusetts",96132,1
25021,"Census Tract 4197, Norfolk County, Massachusetts",84700,0
25021,"Census Tract 4198, Norfolk County, Massachusetts",82784,0
25021,"Census Tract 4201, Norfolk County, Massachusetts",68464,0
25021,"Census Tract 4202.01, Norfolk County, Massachusetts",70257,0
25021,"Census Tract 4202.02, Norfolk County, Massachusetts",67252,0
25021,"Census Tract 4203.01, Norfolk County, Massachusetts",59022,0
25021,"Census Tract 4203.02, Norfolk County, Massachusetts",60145,0
25021,"Census Tract 4211, Norfolk County, Massachusetts",62530,0
25021,"Census Tract 4212, Norfolk County, Massachusetts",69283,0
25021,"Census Tract 4221, Norfolk County, Massachusetts",87581,0
25021,"Census Tract 4222, Norfolk County, Massachusetts",74604,0
25021,"Census Tract 4223.01, Norfolk County, Massachusetts",109063,1
25021,"Census Tract 4223.02, Norfolk County, Massachusetts",70478,0
25021,"Census Tract 4224, Norfolk County, Massachusetts",66518,0
25021,"Census Tract 4225.01, Norfolk County, Massachusetts",44832,0
25021,"Census Tract 4225.02, Norfolk County, Massachusetts",46947,0
25021,"Census Tract 4226, Norfolk County, Massachusetts",73844,0
25021,"Census Tract 4227, Norfolk County, Massachusetts",68250,0
25021,"Census Tract 4228, Norfolk County, Massachusetts",72273,0
25021,"Census Tract 4231, Norfolk County, Massachusetts",128224,1
25021,"Census Tract 4401, Norfolk County, Massachusetts",92014,1
25021,"Census Tract 4412.02, Norfolk County, Massachusetts",131917,1
25021,"Census Tract 4412.03, Norfolk County, Massachusetts",91379,1
25021,"Census Tract 4412.04, Norfolk County, Massachusetts",89097,0
25021,"Census Tract 4421.01, Norfolk County, Massachusetts",96806,1
25021,"Census Tract 4421.02, Norfolk County, Massachusetts",112560,1
25021,"Census Tract 4421.03, Norfolk County, Massachusetts",131319,1
25021,"Census Tract 4422.01, Norfolk County, Massachusetts",136202,1
25021,"Census Tract 4422.02, Norfolk County, Massachusetts",80591,0
25021,"Census Tract 4431.01, Norfolk County, Massachusetts",87889,0
25021,"Census Tract 4431.02, Norfolk County, Massachusetts",95945,1
25021,"Census Tract 4561.01, Norfolk County, Massachusetts",106829,1
25021,"Census Tract 4561.02, Norfolk County, Massachusetts",64013,0
25021,"Census Tract 4562, Norfolk County, Massachusetts",76563,0
25021,"Census Tract 4563.01, Norfolk County, Massachusetts",46136,0
25021,"Census Tract 4563.02, Norfolk County, Massachusetts",46919,0
25021,"Census Tract 4564.01, Norfolk County, Massachusetts",87868,0
25021,"Census Tract 4564.02, Norfolk County, Massachusetts",107370,1
25021,"Census Tract 4571, Norfolk County, Massachusetts",68021,0
25021,"Census Tract 4572, Norfolk County, Massachusetts",136792,1
25023,"Census Tract 5001.01, Plymouth County, Massachusetts",83171,1
25023,"Census Tract 5001.03, Plymouth County, Massachusetts",68520,0
25023,"Census Tract 5001.04, Plymouth County, Massachusetts",79250,1
25023,"Census Tract 5011.01, Plymouth County, Massachusetts",131696,1
25023,"Census Tract 5011.02, Plymouth County, Massachusetts",127686,1
25023,"Census Tract 5012.01, Plymouth County, Massachusetts",143375,1
25023,"Census Tract 5012.02, Plymouth County, Massachusetts",93676,1
25023,"Census Tract 5021.01, Plymouth County, Massachusetts",75192,0
25023,"Census Tract 5021.02, Plymouth County, Massachusetts",77957,1
25023,"Census Tract 5022, Plymouth County, Massachusetts",63226,0
25023,"Census Tract 5031.01, Plymouth County, Massachusetts",109414,1
25023,"Census Tract 5031.02, Plymouth County, Massachusetts",99464,1
25023,"Census Tract 5041.01, Plymouth County, Massachusetts",97500,1
25023,"Census Tract 5041.02, Plymouth County, Massachusetts",137557,1
25023,"Census Tract 5051.01, Plymouth County, Massachusetts",101113,1
25023,"Census Tract 5051.02, Plymouth County, Massachusetts",122969,1
25023,"Census Tract 5052, Plymouth County, Massachusetts",110515,1
25023,"Census Tract 5061.01, Plymouth County, Massachusetts",108578,1
25023,"Census Tract 5061.02, Plymouth County, Massachusetts",84375,1
25023,"Census Tract 5062.02, Plymouth County, Massachusetts",98393,1
25023,"Census Tract 5062.03, Plymouth County, Massachusetts",72724,0
25023,"Census Tract 5062.04, Plymouth County, Massachusetts",79676,1
25023,"Census Tract 5071.01, Plymouth County, Massachusetts",103750,1
25023,"Census Tract 5071.03, Plymouth County, Massachusetts",140455,1
25023,"Census Tract 5071.04, Plymouth County, Massachusetts",121250,1
25023,"Census Tract 5081.01, Plymouth County, Massachusetts",91557,1
25023,"Census Tract 5081.02, Plymouth County, Massachusetts",87194,1
25023,"Census Tract 5082, Plymouth County, Massachusetts",100946,1
25023,"Census Tract 5091.01, Plymouth County, Massachusetts",109796,1
25023,"Census Tract 5091.02, Plymouth County, Massachusetts",77361,0
25023,"Census Tract 5101, Plymouth County, Massachusetts",70357,0
25023,"Census Tract 5102, Plymouth County, Massachusetts",64855,0
25023,"Census Tract 5103, Plymouth County, Massachusetts",38016,0
25023,"Census Tract 5104, Plymouth County, Massachusetts",35593,0
25023,"Census Tract 5105.01, Plymouth County, Massachusetts",55476,0
25023,"Census Tract 5105.02, Plymouth County, Massachusetts",36160,0
25023,"Census Tract 5105.03, Plymouth County, Massachusetts",36977,0
25023,"Census Tract 5106, Plymouth County, Massachusetts",87054,1
25023,"Census Tract 5107, Plymouth County, Massachusetts",51488,0
25023,"Census Tract 5108, Plymouth County, Massachusetts",36950,0
25023,"Census Tract 5109, Plymouth County, Massachusetts",14375,0
25023,"Census Tract 5110, Plymouth County, Massachusetts",50549,0
25023,"Census Tract 5111, Plymouth County, Massachusetts",74081,0
25023,"Census Tract 5112, Plymouth County, Massachusetts",40625,0
25023,"Census Tract 5113.01, Plymouth County, Massachusetts",52470,0
25023,"Census Tract 5113.02, Plymouth County, Massachusetts",62446,0
25023,"Census Tract 5114, Plymouth County, Massachusetts",39659,0
25023,"Census Tract 5115, Plymouth County, Massachusetts",44329,0
25023,"Census Tract 5116, Plymouth County, Massachusetts",39736,0
25023,"Census Tract 5117.01, Plymouth County, Massachusetts",75500,0
25023,"Census Tract 5117.02, Plymouth County, Massachusetts",73125,0
25023,"Census Tract 5201, Plymouth County, Massachusetts",82153,1
25023,"Census Tract 5202.01, Plymouth County, Massachusetts",60080,0
25023,"Census Tract 5202.02, Plymouth County, Massachusetts",81742,1
25023,"Census Tract 5211.01, Plymouth County, Massachusetts",78516,1
25023,"Census Tract 5211.02, Plymouth County, Massachusetts",75721,0
25023,"Census Tract 5212.01, Plymouth County, Massachusetts",59417,0
25023,"Census Tract 5212.02, Plymouth County, Massachusetts",86143,1
25023,"Census Tract 5221.01, Plymouth County, Massachusetts",89692,1
25023,"Census Tract 5221.02, Plymouth County, Massachusetts",94714,1
25023,"Census Tract 5231, Plymouth County, Massachusetts",70337,0
25023,"Census Tract 5232.01, Plymouth County, Massachusetts",95236,1
25023,"Census Tract 5232.02, Plymouth County, Massachusetts",90159,1
25023,"Census Tract 5241.01, Plymouth County, Massachusetts",98832,1
25023,"Census Tract 5241.02, Plymouth County, Massachusetts",70889,0
25023,"Census Tract 5251.01, Plymouth County, Massachusetts",74915,0
25023,"Census Tract 5251.04, Plymouth County, Massachusetts",110825,1
25023,"Census Tract 5252.03, Plymouth County, Massachusetts",65492,0
25023,"Census Tract 5252.04, Plymouth County, Massachusetts",113203,1
25023,"Census Tract 5253, Plymouth County, Massachusetts",0,0
25023,"Census Tract 5261, Plymouth County, Massachusetts",73119,0
25023,"Census Tract 5301, Plymouth County, Massachusetts",50645,0
25023,"Census Tract 5302, Plymouth County, Massachusetts",54009,0
25023,"Census Tract 5303, Plymouth County, Massachusetts",52695,0
25023,"Census Tract 5304, Plymouth County, Massachusetts",99063,1
25023,"Census Tract 5305, Plymouth County, Massachusetts",55742,0
25023,"Census Tract 5306, Plymouth County, Massachusetts",96402,1
25023,"Census Tract 5307, Plymouth County, Massachusetts",91033,1
25023,"Census Tract 5308.01, Plymouth County, Massachusetts",88588,1
25023,"Census Tract 5308.02, Plymouth County, Massachusetts",80929,1
25023,"Census Tract 5309.01, Plymouth County, Massachusetts",98548,1
25023,"Census Tract 5309.02, Plymouth County, Massachusetts",101324,1
25023,"Census Tract 5401.01, Plymouth County, Massachusetts",68614,0
25023,"Census Tract 5401.02, Plymouth County, Massachusetts",94000,1
25023,"Census Tract 5401.03, Plymouth County, Massachusetts",124244,1
25023,"Census Tract 5411, Plymouth County, Massachusetts",103081,1
25023,"Census Tract 5421.01, Plymouth County, Massachusetts",97248,1
25023,"Census Tract 5421.02, Plymouth County, Massachusetts",70643,0
25023,"Census Tract 5422, Plymouth County, Massachusetts",68816,0
25023,"Census Tract 5423, Plymouth County, Massachusetts",62233,0
25023,"Census Tract 5431, Plymouth County, Massachusetts",84602,1
25023,"Census Tract 5441, Plymouth County, Massachusetts",96468,1
25023,"Census Tract 5442, Plymouth County, Massachusetts",59010,0
25023,"Census Tract 5451, Plymouth County, Massachusetts",74592,0
25023,"Census Tract 5452, Plymouth County, Massachusetts",65208,0
25023,"Census Tract 5453, Plymouth County, Massachusetts",74063,0
25023,"Census Tract 5454, Plymouth County, Massachusetts",58953,0
25023,"Census Tract 5601, Plymouth County, Massachusetts",84489,1
25023,"Census Tract 5611, Plymouth County, Massachusetts",75449,0
25023,"Census Tract 5612, Plymouth County, Massachusetts",40769,0
25023,"Census Tract 9900.03, Plymouth County, Massachusetts",0,0
25025,"Census Tract 1, Suffolk County, Massachusetts",69818,1
25025,"Census Tract 2.01, Suffolk County, Massachusetts",80932,1
25025,"Census Tract 2.02, Suffolk County, Massachusetts",66875,1
25025,"Census Tract 3.01, Suffolk County, Massachusetts",86773,1
25025,"Census Tract 3.02, Suffolk County, Massachusetts",72526,1
25025,"Census Tract 4.01, Suffolk County, Massachusetts",47619,0
25025,"Census Tract 4.02, Suffolk County, Massachusetts",60214,1
25025,"Census Tract 5.02, Suffolk County, Massachusetts",51652,0
25025,"Census Tract 5.03, Suffolk County, Massachusetts",56522,0
25025,"Census Tract 5.04, Suffolk County, Massachusetts",48676,0
25025,"Census Tract 6.01, Suffolk County, Massachusetts",58750,1
25025,"Census Tract 6.02, Suffolk County, Massachusetts",25364,0
25025,"Census Tract 7.01, Suffolk County, Massachusetts",49600,0
25025,"Census Tract 7.03, Suffolk County, Massachusetts",32002,0
25025,"Census Tract 7.04, Suffolk County, Massachusetts",50577,0
25025,"Census Tract 8.02, Suffolk County, Massachusetts",36000,0
25025,"Census Tract 8.03, Suffolk County, Massachusetts",44286,0
25025,"Census Tract 101.03, Suffolk County, Massachusetts",30717,0
25025,"Census Tract 101.04, Suffolk County, Massachusetts",57500,1
25025,"Census Tract 102.03, Suffolk County, Massachusetts",22306,0
25025,"Census Tract 102.04, Suffolk County, Massachusetts",31196,0
25025,"Census Tract 103, Suffolk County, Massachusetts",40662,0
25025,"Census Tract 104.03, Suffolk County, Massachusetts",28351,0
25025,"Census Tract 104.04, Suffolk County, Massachusetts",19595,0
25025,"Census Tract 104.05, Suffolk County, Massachusetts",19395,0
25025,"Census Tract 104.08, Suffolk County, Massachusetts",63036,1
25025,"Census Tract 105, Suffolk County, Massachusetts",44333,0
25025,"Census Tract 106, Suffolk County, Massachusetts",97988,1
25025,"Census Tract 107.01, Suffolk County, Massachusetts",101117,1
25025,"Census Tract 107.02, Suffolk County, Massachusetts",121553,1
25025,"Census Tract 108.01, Suffolk County, Massachusetts",118590,1
25025,"Census Tract 108.02, Suffolk County, Massachusetts",118125,1
25025,"Census Tract 201.01, Suffolk County, Massachusetts",107019,1
25025,"Census Tract 202, Suffolk County, Massachusetts",75287,1
25025,"Census Tract 203.01, Suffolk County, Massachusetts",116193,1
25025,"Census Tract 203.02, Suffolk County, Massachusetts",84777,1
25025,"Census Tract 203.03, Suffolk County, Massachusetts",79010,1
25025,"Census Tract 301, Suffolk County, Massachusetts",86667,1
25025,"Census Tract 302, Suffolk County, Massachusetts",81607,1
25025,"Census Tract 303, Suffolk County, Massachusetts",112639,1
25025,"Census Tract 304, Suffolk County, Massachusetts",86512,1
25025,"Census Tract 305, Suffolk County, Massachusetts",101910,1
25025,"Census Tract 401, Suffolk County, Massachusetts",142688,1
25025,"Census Tract 402, Suffolk County, Massachusetts",37750,0
25025,"Census Tract 403, Suffolk County, Massachusetts",102171,1
25025,"Census Tract 404.01, Suffolk County, Massachusetts",79750,1
25025,"Census Tract 406, Suffolk County, Massachusetts",123160,1
25025,"Census Tract 408.01, Suffolk County, Massachusetts",59704,1
25025,"Census Tract 501.01, Suffolk County, Massachusetts",41023,0
25025,"Census Tract 502, Suffolk County, Massachusetts",54652,0
25025,"Census Tract 503, Suffolk County, Massachusetts",15893,0
25025,"Census Tract 504, Suffolk County, Massachusetts",52572,0
25025,"Census Tract 505, Suffolk County, Massachusetts",48125,0
25025,"Census Tract 506, Suffolk County, Massachusetts",67222,1
25025,"Census Tract 507, Suffolk County, Massachusetts",55238,0
25025,"Census Tract 509.01, Suffolk County, Massachusetts",57386,0
25025,"Census Tract 510, Suffolk County, Massachusetts",49241,0
25025,"Census Tract 511.01, Suffolk County, Massachusetts",57454,1
25025,"Census Tract 512, Suffolk County, Massachusetts",63967,1
25025,"Census Tract 601.01, Suffolk County, Massachusetts",105606,1
25025,"Census Tract 602, Suffolk County, Massachusetts",110298,1
25025,"Census Tract 603.01, Suffolk County, Massachusetts",92898,1
25025,"Census Tract 604, Suffolk County, Massachusetts",100112,1
25025,"Census Tract 605.01, Suffolk County, Massachusetts",104970,1
25025,"Census Tract 606, Suffolk County, Massachusetts",122264,1
25025,"Census Tract 607, Suffolk County, Massachusetts",19907,0
25025,"Census Tract 608, Suffolk County, Massachusetts",101778,1
25025,"Census Tract 610, Suffolk County, Massachusetts",22133,0
25025,"Census Tract 611.01, Suffolk County, Massachusetts",14500,0
25025,"Census Tract 612, Suffolk County, Massachusetts",117378,1
25025,"Census Tract 701.01, Suffolk County, Massachusetts",83750,1
25025,"Census Tract 702, Suffolk County, Massachusetts",21712,0
25025,"Census Tract 703, Suffolk County, Massachusetts",101884,1
25025,"Census Tract 704.02, Suffolk County, Massachusetts",21480,0
25025,"Census Tract 705, Suffolk County, Massachusetts",101583,1
25025,"Census Tract 706, Suffolk County, Massachusetts",129884,1
25025,"Census Tract 707, Suffolk County, Massachusetts",102000,1
25025,"Census Tract 708, Suffolk County, Massachusetts",71667,1
25025,"Census Tract 709, Suffolk County, Massachusetts",47688,0
25025,"Census Tract 711.01, Suffolk County, Massachusetts",53173,0
25025,"Census Tract 712.01, Suffolk County, Massachusetts",50280,0
25025,"Census Tract 801, Suffolk County, Massachusetts",30598,0
25025,"Census Tract 803, Suffolk County, Massachusetts",31625,0
25025,"Census Tract 804.01, Suffolk County, Massachusetts",31042,0
25025,"Census Tract 805, Suffolk County, Massachusetts",23194,0
25025,"Census Tract 806.01, Suffolk County, Massachusetts",16250,0
25025,"Census Tract 808.01, Suffolk County, Massachusetts",22450,0
25025,"Census Tract 809, Suffolk County, Massachusetts",50988,0
25025,"Census Tract 810.01, Suffolk County, Massachusetts",20902,0
25025,"Census Tract 811, Suffolk County, Massachusetts",41146,0
25025,"Census Tract 812, Suffolk County, Massachusetts",30819,0
25025,"Census Tract 813, Suffolk County, Massachusetts",18275,0
25025,"Census Tract 814, Suffolk County, Massachusetts",34107,0
25025,"Census Tract 815, Suffolk County, Massachusetts",33967,0
25025,"Census Tract 817, Suffolk County, Massachusetts",30563,0
25025,"Census Tract 818, Suffolk County, Massachusetts",35084,0
25025,"Census Tract 819, Suffolk County, Massachusetts",20848,0
25025,"Census Tract 820, Suffolk County, Massachusetts",36685,0
25025,"Census Tract 821, Suffolk County, Massachusetts",18045,0
25025,"Census Tract 901, Suffolk County, Massachusetts",28362,0
25025,"Census Tract 902, Suffolk County, Massachusetts",27045,0
25025,"Census Tract 903, Suffolk County, Massachusetts",30794,0
25025,"Census Tract 904, Suffolk County, Massachusetts",31031,0
25025,"Census Tract 906, Suffolk County, Massachusetts",40950,0
25025,"Census Tract 907, Suffolk County, Massachusetts",65273,1
25025,"Census Tract 909.01, Suffolk County, Massachusetts",27578,0
25025,"Census Tract 910.01, Suffolk County, Massachusetts",74215,1
25025,"Census Tract 911, Suffolk County, Massachusetts",67150,1
25025,"Census Tract 912, Suffolk County, Massachusetts",64280,1
25025,"Census Tract 913, Suffolk County, Massachusetts",35938,0
25025,"Census Tract 914, Suffolk County, Massachusetts",42647,0
25025,"Census Tract 915, Suffolk County, Massachusetts",48678,0
25025,"Census Tract 916, Suffolk County, Massachusetts",37154,0
25025,"Census Tract 917, Suffolk County, Massachusetts",40078,0
25025,"Census Tract 918, Suffolk County, Massachusetts",38371,0
25025,"Census Tract 919, Suffolk County, Massachusetts",46397,0
25025,"Census Tract 920, Suffolk County, Massachusetts",46576,0
25025,"Census Tract 921.01, Suffolk County, Massachusetts",49559,0
25025,"Census Tract 922, Suffolk County, Massachusetts",67042,1
25025,"Census Tract 923, Suffolk County, Massachusetts",43729,0
25025,"Census Tract 924, Suffolk County, Massachusetts",29048,0
25025,"Census Tract 1001, Suffolk County, Massachusetts",28279,0
25025,"Census Tract 1002, Suffolk County, Massachusetts",37203,0
25025,"Census Tract 1003, Suffolk County, Massachusetts",50292,0
25025,"Census Tract 1004, Suffolk County, Massachusetts",68448,1
25025,"Census Tract 1005, Suffolk County, Massachusetts",51938,0
25025,"Census Tract 1006.01, Suffolk County, Massachusetts",62583,1
25025,"Census Tract 1006.03, Suffolk County, Massachusetts",81324,1
25025,"Census Tract 1007, Suffolk County, Massachusetts",71341,1
25025,"Census Tract 1008, Suffolk County, Massachusetts",73868,1
25025,"Census Tract 1009, Suffolk County, Massachusetts",63271,1
25025,"Census Tract 1010.01, Suffolk County, Massachusetts",40764,0
25025,"Census Tract 1010.02, Suffolk County, Massachusetts",37588,0
25025,"Census Tract 1011.01, Suffolk County, Massachusetts",56903,0
25025,"Census Tract 1011.02, Suffolk County, Massachusetts",42949,0
25025,"Census Tract 1101.03, Suffolk County, Massachusetts",67027,1
25025,"Census Tract 1102.01, Suffolk County, Massachusetts",44449,0
25025,"Census Tract 1103.01, Suffolk County, Massachusetts",77500,1
25025,"Census Tract 1104.01, Suffolk County, Massachusetts",58864,1
25025,"Census Tract 1104.03, Suffolk County, Massachusetts",77243,1
25025,"Census Tract 1105.01, Suffolk County, Massachusetts",78333,1
25025,"Census Tract 1105.02, Suffolk County, Massachusetts",80750,1
25025,"Census Tract 1106.01, Suffolk County, Massachusetts",85735,1
25025,"Census Tract 1106.07, Suffolk County, Massachusetts",105319,1
25025,"Census Tract 1201.03, Suffolk County, Massachusetts",131484,1
25025,"Census Tract 1201.04, Suffolk County, Massachusetts",85321,1
25025,"Census Tract 1201.05, Suffolk County, Massachusetts",137750,1
25025,"Census Tract 1202.01, Suffolk County, Massachusetts",50366,0
25025,"Census Tract 1203.01, Suffolk County, Massachusetts",68482,1
25025,"Census Tract 1204, Suffolk County, Massachusetts",84007,1
25025,"Census Tract 1205, Suffolk County, Massachusetts",68413,1
25025,"Census Tract 1206, Suffolk County, Massachusetts",99911,1
25025,"Census Tract 1207, Suffolk County, Massachusetts",85788,1
25025,"Census Tract 1301, Suffolk County, Massachusetts",81563,1
25025,"Census Tract 1302, Suffolk County, Massachusetts",103438,1
25025,"Census Tract 1303, Suffolk County, Massachusetts",114697,1
25025,"Census Tract 1304.02, Suffolk County, Massachusetts",66005,1
25025,"Census Tract 1304.04, Suffolk County, Massachusetts",62208,1
25025,"Census Tract 1304.06, Suffolk County, Massachusetts",46695,0
25025,"Census Tract 1401.02, Suffolk County, Massachusetts",71250,1
25025,"Census Tract 1401.05, Suffolk County, Massachusetts",76285,1
25025,"Census Tract 1401.06, Suffolk County, Massachusetts",33185,0
25025,"Census Tract 1401.07, Suffolk County, Massachusetts",65000,1
25025,"Census Tract 1402.01, Suffolk County, Massachusetts",77832,1
25025,"Census Tract 1402.02, Suffolk County, Massachusetts",67359,1
25025,"Census Tract 1403, Suffolk County, Massachusetts",54505,0
25025,"Census Tract 1404, Suffolk County, Massachusetts",68042,1
25025,"Census Tract 1601.01, Suffolk County, Massachusetts",61518,1
25025,"Census Tract 1602, Suffolk County, Massachusetts",51250,0
25025,"Census Tract 1603, Suffolk County, Massachusetts",57478,1
25025,"Census Tract 1604, Suffolk County, Massachusetts",44667,0
25025,"Census Tract 1605.01, Suffolk County, Massachusetts",41117,0
25025,"Census Tract 1605.02, Suffolk County, Massachusetts",46250,0
25025,"Census Tract 1606.01, Suffolk County, Massachusetts",51915,0
25025,"Census Tract 1606.02, Suffolk County, Massachusetts",52827,0
25025,"Census Tract 1701, Suffolk County, Massachusetts",53351,0
25025,"Census Tract 1702, Suffolk County, Massachusetts",49348,0
25025,"Census Tract 1703, Suffolk County, Massachusetts",67321,1
25025,"Census Tract 1704, Suffolk County, Massachusetts",44515,0
25025,"Census Tract 1705.01, Suffolk County, Massachusetts",45257,0
25025,"Census Tract 1705.02, Suffolk County, Massachusetts",51905,0
25025,"Census Tract 1706.01, Suffolk County, Massachusetts",63103,1
25025,"Census Tract 1707.01, Suffolk County, Massachusetts",41635,0
25025,"Census Tract 1707.02, Suffolk County, Massachusetts",51073,0
25025,"Census Tract 1708, Suffolk County, Massachusetts",50745,0
25025,"Census Tract 1801.01, Suffolk County, Massachusetts",44179,0
25025,"Census Tract 1802, Suffolk County, Massachusetts",69318,1
25025,"Census Tract 1803.01, Suffolk County, Massachusetts",82159,1
25025,"Census Tract 1804, Suffolk County, Massachusetts",81250,1
25025,"Census Tract 1805, Suffolk County, Massachusetts",62172,1
25025,"Census Tract 9801.01, Suffolk County, Massachusetts",0,0
25025,"Census Tract 9803, Suffolk County, Massachusetts",0,0
25025,"Census Tract 9807, Suffolk County, Massachusetts",0,0
25025,"Census Tract 9810, Suffolk County, Massachusetts",0,0
25025,"Census Tract 9811, Suffolk County, Massachusetts",36979,0
25025,"Census Tract 9812.01, Suffolk County, Massachusetts",0,0
25025,"Census Tract 9812.02, Suffolk County, Massachusetts",0,0
25025,"Census Tract 9813, Suffolk County, Massachusetts",101875,1
25025,"Census Tract 9815.01, Suffolk County, Massachusetts",0,0
25025,"Census Tract 9815.02, Suffolk County, Massachusetts",0,0
25025,"Census Tract 9816, Suffolk County, Massachusetts",0,0
25025,"Census Tract 9817, Suffolk County, Massachusetts",0,0
25025,"Census Tract 9818, Suffolk County, Massachusetts",197500,1
25025,"Census Tract 9901.01, Suffolk County, Massachusetts",0,0
25027,"Census Tract 7001, Worcester County, Massachusetts",86219,1
25027,"Census Tract 7011, Worcester County, Massachusetts",61875,0
25027,"Census Tract 7022, Worcester County, Massachusetts",68553,1
25027,"Census Tract 7031, Worcester County, Massachusetts",44408,0
25027,"Census Tract 7032, Worcester County, Massachusetts",46979,0
25027,"Census Tract 7033, Worcester County, Massachusetts",53640,0
25027,"Census Tract 7042, Worcester County, Massachusetts",69893,1
25027,"Census Tract 7051, Worcester County, Massachusetts",67515,1
25027,"Census Tract 7061, Worcester County, Massachusetts",84803,1
25027,"Census Tract 7071, Worcester County, Massachusetts",47064,0
25027,"Census Tract 7072, Worcester County, Massachusetts",32300,0
25027,"Census Tract 7073, Worcester County, Massachusetts",34839,0
25027,"Census Tract 7074, Worcester County, Massachusetts",57951,0
25027,"Census Tract 7075, Worcester County, Massachusetts",49637,0
25027,"Census Tract 7081, Worcester County, Massachusetts",96953,1
25027,"Census Tract 7091, Worcester County, Massachusetts",69180,1
25027,"Census Tract 7092.01, Worcester County, Massachusetts",68488,1
25027,"Census Tract 7092.02, Worcester County, Massachusetts",45135,0
25027,"Census Tract 7094, Worcester County, Massachusetts",34120,0
25027,"Census Tract 7095.01, Worcester County, Massachusetts",95385,1
25027,"Census Tract 7095.02, Worcester County, Massachusetts",65469,0
25027,"Census Tract 7096, Worcester County, Massachusetts",46296,0
25027,"Census Tract 7097.01, Worcester County, Massachusetts",55172,0
25027,"Census Tract 7097.02, Worcester County, Massachusetts",58261,0
25027,"Census Tract 7101, Worcester County, Massachusetts",46736,0
25027,"Census Tract 7102, Worcester County, Massachusetts",67979,1
25027,"Census Tract 7103, Worcester County, Massachusetts",65875,0
25027,"Census Tract 7104, Worcester County, Massachusetts",51890,0
25027,"Census Tract 7105, Worcester County, Massachusetts",35245,0
25027,"Census Tract 7106, Worcester County, Massachusetts",53793,0
25027,"Census Tract 7107, Worcester County, Massachusetts",17039,0
25027,"Census Tract 7108, Worcester County, Massachusetts",31038,0
25027,"Census Tract 7110, Worcester County, Massachusetts",38611,0
25027,"Census Tract 7111, Worcester County, Massachusetts",71316,1
25027,"Census Tract 7121.01, Worcester County, Massachusetts",85771,1
25027,"Census Tract 7121.02, Worcester County, Massachusetts",92750,1
25027,"Census Tract 7131, Worcester County, Massachusetts",93750,1
25027,"Census Tract 7151, Worcester County, Massachusetts",151023,1
25027,"Census Tract 7161, Worcester County, Massachusetts",74102,1
25027,"Census Tract 7162, Worcester County, Massachusetts",51250,0
25027,"Census Tract 7163, Worcester County, Massachusetts",50795,0
25027,"Census Tract 7171, Worcester County, Massachusetts",97614,1
25027,"Census Tract 7181, Worcester County, Massachusetts",93197,1
25027,"Census Tract 7191, Worcester County, Massachusetts",104187,1
25027,"Census Tract 7201, Worcester County, Massachusetts",121500,1
25027,"Census Tract 7211.01, Worcester County, Massachusetts",85052,1
25027,"Census Tract 7211.02, Worcester County, Massachusetts",95347,1
25027,"Census Tract 7221, Worcester County, Massachusetts",67500,1
25027,"Census Tract 7231, Worcester County, Massachusetts",61786,0
25027,"Census Tract 7241, Worcester County, Massachusetts",62969,0
25027,"Census Tract 7251, Worcester County, Massachusetts",70873,1
25027,"Census Tract 7261, Worcester County, Massachusetts",89231,1
25027,"Census Tract 7262, Worcester County, Massachusetts",46652,0
25027,"Census Tract 7271, Worcester County, Massachusetts",93654,1
25027,"Census Tract 7281, Worcester County, Massachusetts",108710,1
25027,"Census Tract 7282, Worcester County, Massachusetts",104792,1
25027,"Census Tract 7283, Worcester County, Massachusetts",86136,1
25027,"Census Tract 7284, Worcester County, Massachusetts",100619,1
25027,"Census Tract 7291, Worcester County, Massachusetts",74419,1
25027,"Census Tract 7292, Worcester County, Massachusetts",73650,1
25027,"Census Tract 7301, Worcester County, Massachusetts",74324,1
25027,"Census Tract 7302, Worcester County, Massachusetts",67739,1
25027,"Census Tract 7303, Worcester County, Massachusetts",58500,0
25027,"Census Tract 7304.01, Worcester County, Massachusetts",28856,0
25027,"Census Tract 7304.02, Worcester County, Massachusetts",49464,0
25027,"Census Tract 7305, Worcester County, Massachusetts",46212,0
25027,"Census Tract 7306, Worcester County, Massachusetts",69647,1
25027,"Census Tract 7307, Worcester County, Massachusetts",64385,0
25027,"Census Tract 7308.01, Worcester County, Massachusetts",93281,1
25027,"Census Tract 7308.02, Worcester County, Massachusetts",86250,1
25027,"Census Tract 7309.01, Worcester County, Massachusetts",75179,1
25027,"Census Tract 7309.02, Worcester County, Massachusetts",68914,1
25027,"Census Tract 7310.01, Worcester County, Massachusetts",73074,1
25027,"Census Tract 7310.02, Worcester County, Massachusetts",40566,0
25027,"Census Tract 7311.01, Worcester County, Massachusetts",35799,0
25027,"Census Tract 7311.02, Worcester County, Massachusetts",55804,0
25027,"Census Tract 7312.02, Worcester County, Massachusetts",0,0
25027,"Census Tract 7312.03, Worcester County, Massachusetts",23824,0
25027,"Census Tract 7312.04, Worcester County, Massachusetts",30185,0
25027,"Census Tract 7313, Worcester County, Massachusetts",25945,0
25027,"Census Tract 7314, Worcester County, Massachusetts",23036,0
25027,"Census Tract 7315, Worcester County, Massachusetts",21547,0
25027,"Census Tract 7316, Worcester County, Massachusetts",21497,0
25027,"Census Tract 7317, Worcester County, Massachusetts",25036,0
25027,"Census Tract 7318, Worcester County, Massachusetts",19660,0
25027,"Census Tract 7319, Worcester County, Massachusetts",36307,0
25027,"Census Tract 7320.01, Worcester County, Massachusetts",20308,0
25027,"Census Tract 7320.02, Worcester County, Massachusetts",64196,0
25027,"Census Tract 7322.01, Worcester County, Massachusetts",50225,0
25027,"Census Tract 7322.02, Worcester County, Massachusetts",43878,0
25027,"Census Tract 7322.03, Worcester County, Massachusetts",53448,0
25027,"Census Tract 7323.01, Worcester County, Massachusetts",66170,0
25027,"Census Tract 7323.02, Worcester County, Massachusetts",40951,0
25027,"Census Tract 7324, Worcester County, Massachusetts",30318,0
25027,"Census Tract 7325, Worcester County, Massachusetts",30096,0
25027,"Census Tract 7326, Worcester County, Massachusetts",40313,0
25027,"Census Tract 7327, Worcester County, Massachusetts",29621,0
25027,"Census Tract 7328.01, Worcester County, Massachusetts",62886,0
25027,"Census Tract 7328.02, Worcester County, Massachusetts",61146,0
25027,"Census Tract 7329.01, Worcester County, Massachusetts",48244,0
25027,"Census Tract 7329.02, Worcester County, Massachusetts",73750,1
25027,"Census Tract 7330, Worcester County, Massachusetts",40897,0
25027,"Census Tract 7331.01, Worcester County, Massachusetts",59038,0
25027,"Census Tract 7331.02, Worcester County, Massachusetts",62833,0
25027,"Census Tract 7351, Worcester County, Massachusetts",60888,0
25027,"Census Tract 7352, Worcester County, Massachusetts",88318,1
25027,"Census Tract 7361, Worcester County, Massachusetts",71429,1
25027,"Census Tract 7362, Worcester County, Massachusetts",73636,1
25027,"Census Tract 7363, Worcester County, Massachusetts",70417,1
25027,"Census Tract 7364, Worcester County, Massachusetts",77539,1
25027,"Census Tract 7365, Worcester County, Massachusetts",68973,1
25027,"Census Tract 7371, Worcester County, Massachusetts",74472,1
25027,"Census Tract 7372, Worcester County, Massachusetts",52457,0
25027,"Census Tract 7373, Worcester County, Massachusetts",76859,1
25027,"Census Tract 7381, Worcester County, Massachusetts",80078,1
25027,"Census Tract 7382.01, Worcester County, Massachusetts",96830,1
25027,"Census Tract 7382.02, Worcester County, Massachusetts",117518,1
25027,"Census Tract 7391, Worcester County, Massachusetts",99792,1
25027,"Census Tract 7392, Worcester County, Massachusetts",76856,1
25027,"Census Tract 7393, Worcester County, Massachusetts",84055,1
25027,"Census Tract 7394, Worcester County, Massachusetts",103765,1
25027,"Census Tract 7395, Worcester County, Massachusetts",129976,1
25027,"Census Tract 7401.01, Worcester County, Massachusetts",124911,1
25027,"Census Tract 7401.02, Worcester County, Massachusetts",103100,1
25027,"Census Tract 7402, Worcester County, Massachusetts",82357,1
25027,"Census Tract 7411.01, Worcester County, Massachusetts",123875,1
25027,"Census Tract 7411.02, Worcester County, Massachusetts",159922,1
25027,"Census Tract 7423, Worcester County, Massachusetts",80179,1
25027,"Census Tract 7424.01, Worcester County, Massachusetts",165500,1
25027,"Census Tract 7424.02, Worcester County, Massachusetts",117300,1
25027,"Census Tract 7431, Worcester County, Massachusetts",116250,1
25027,"Census Tract 7441.01, Worcester County, Massachusetts",89417,1
25027,"Census Tract 7441.02, Worcester County, Massachusetts",81000,1
25027,"Census Tract 7442, Worcester County, Massachusetts",76573,1
25027,"Census Tract 7443, Worcester County, Massachusetts",53643,0
25027,"Census Tract 7444, Worcester County, Massachusetts",66726,0
25027,"Census Tract 7451, Worcester County, Massachusetts",99792,1
25027,"Census Tract 7461, Worcester County, Massachusetts",121298,1
25027,"Census Tract 7471.01, Worcester County, Massachusetts",77115,1
25027,"Census Tract 7471.02, Worcester County, Massachusetts",72434,1
25027,"Census Tract 7481, Worcester County, Massachusetts",91250,1
25027,"Census Tract 7491, Worcester County, Massachusetts",97474,1
25027,"Census Tract 7492, Worcester County, Massachusetts",77879,1
25027,"Census Tract 7501, Worcester County, Massachusetts",60410,0
25027,"Census Tract 7502, Worcester County, Massachusetts",92674,1
25027,"Census Tract 7503, Worcester County, Massachusetts",52266,0
25027,"Census Tract 7511.01, Worcester County, Massachusetts",97201,1
25027,"Census Tract 7511.02, Worcester County, Massachusetts",117500,1
25027,"Census Tract 7521, Worcester County, Massachusetts",90020,1
25027,"Census Tract 7531, Worcester County, Massachusetts",71049,1
25027,"Census Tract 7532, Worcester County, Massachusetts",56078,0
25027,"Census Tract 7541, Worcester County, Massachusetts",63977,0
25027,"Census Tract 7542, Worcester County, Massachusetts",36216,0
25027,"Census Tract 7543, Worcester County, Massachusetts",36324,0
25027,"Census Tract 7544, Worcester County, Massachusetts",55875,0
25027,"Census Tract 7551, Worcester County, Massachusetts",53214,0
25027,"Census Tract 7552, Worcester County, Massachusetts",68301,1
25027,"Census Tract 7561.01, Worcester County, Massachusetts",77717,1
25027,"Census Tract 7561.02, Worcester County, Massachusetts",97885,1
25027,"Census Tract 7571, Worcester County, Massachusetts",50558,0
25027,"Census Tract 7572, Worcester County, Massachusetts",31157,0
25027,"Census Tract 7573, Worcester County, Massachusetts",33778,0
25027,"Census Tract 7574, Worcester County, Massachusetts",59412,0
25027,"Census Tract 7575, Worcester County, Massachusetts",67713,1
25027,"Census Tract 7581.01, Worcester County, Massachusetts",75083,1
25027,"Census Tract 7581.02, Worcester County, Massachusetts",91991,1
25027,"Census Tract 7591, Worcester County, Massachusetts",80714,1
25027,"Census Tract 7601, Worcester County, Massachusetts",63906,0
25027,"Census Tract 7611, Worcester County, Massachusetts",51882,0
25027,"Census Tract 7612, Worcester County, Massachusetts",92283,1
25027,"Census Tract 7613, Worcester County, Massachusetts",91172,1
25027,"Census Tract 7614, Worcester County, Massachusetts",131719,1
